lat_min,lat_max,lon_min,lon_max,lat_c,lon_c,point_count,distinct_vessels,avg_sog,wait_pct,dominant_type
29.5,30.0,-95.5,-95.0,29.75,-95.25,3158,417,0.77,87.5,other
47.5,48.0,-122.5,-122.0,47.75,-122.25,3149,627,0.83,91.6,sailing
29.5,30.0,-90.5,-90.0,29.75,-90.25,2790,281,1.33,78.6,tug/tow
33.5,34.0,-118.5,-118.0,33.75,-118.25,1977,377,1.32,81.4,sailing
40.5,41.0,-74.5,-74.0,40.75,-74.25,1811,207,1.59,83.0,other
29.0,29.5,-95.0,-94.5,29.25,-94.75,1717,214,1.85,75.7,tug/tow
27.5,28.0,-97.5,-97.0,27.75,-97.25,1613,175,1.44,77.1,other
25.5,26.0,-80.5,-80.0,25.75,-80.25,1600,327,0.86,85.1,sailing
37.5,38.0,-122.5,-122.0,37.75,-122.25,1555,286,1.77,84.2,sailing
30.0,30.5,-91.0,-90.5,30.25,-90.75,1453,147,1.17,79.4,tug/tow
32.5,33.0,-117.5,-117.0,32.75,-117.25,1445,298,1.05,88.1,sailing
49.0,49.5,-123.5,-123.0,49.25,-123.25,1435,252,2.15,82.1,other
29.5,30.0,-94.0,-93.5,29.75,-93.75,1317,138,1.71,75.1,tug/tow
29.5,30.0,-90.0,-89.5,29.75,-89.75,1305,143,2.32,73.1,tug/tow
30.0,30.5,-91.5,-91.0,30.25,-91.25,1129,99,1.61,71.4,tug/tow
29.0,29.5,-90.5,-90.0,29.25,-90.25,1059,181,0.67,87.8,cargo
36.5,37.0,-76.5,-76.0,36.75,-76.25,995,152,0.22,97.2,other
29.5,30.0,-91.5,-91.0,29.75,-91.25,974,96,1.28,76.4,tug/tow
48.5,49.0,-123.0,-122.5,48.75,-122.75,950,201,0.92,90.3,sailing
26.0,26.5,-80.5,-80.0,26.25,-80.25,855,224,0.53,93.7,sailing
27.5,28.0,-83.0,-82.5,27.75,-82.75,819,169,1.56,84.9,sailing
48.5,49.0,-123.5,-123.0,48.75,-123.25,794,190,2.02,82.6,sailing
30.0,30.5,-93.5,-93.0,30.25,-93.25,743,78,1.66,66.6,tug/tow
45.5,46.0,-123.0,-122.5,45.75,-122.75,673,123,1.19,83.8,other
40.5,41.0,-74.0,-73.5,40.75,-73.75,624,71,2.98,74.5,passenger
30.0,30.5,-89.0,-88.5,30.25,-88.75,558,71,0.6,86.2,other
21.0,21.5,-158.0,-157.5,21.25,-157.75,548,107,0.53,92.9,fishing
30.5,31.0,-88.5,-88.0,30.75,-88.25,536,62,0.72,82.3,other
35.0,35.5,-90.5,-90.0,35.25,-90.25,528,49,1.51,77.5,tug/tow
47.0,47.5,-122.5,-122.0,47.25,-122.25,515,98,1.41,82.1,sailing
29.5,30.0,-91.0,-90.5,29.75,-90.75,502,64,1.28,75.9,other
47.5,48.0,-123.0,-122.5,47.75,-122.75,502,129,0.26,96.4,sailing
48.0,48.5,-123.5,-123.0,48.25,-123.25,498,87,1.8,84.3,sailing
29.0,29.5,-89.5,-89.0,29.25,-89.25,492,52,2.35,66.9,other
32.5,33.0,-80.0,-79.5,32.75,-79.75,488,86,1.53,79.9,other
38.5,39.0,-90.5,-90.0,38.75,-90.25,477,47,0.34,90.4,tug/tow
39.5,40.0,-75.5,-75.0,39.75,-75.25,456,56,0.91,85.7,other
28.0,28.5,-81.0,-80.5,28.25,-80.75,446,84,0.17,96.6,sailing
29.5,30.0,-95.0,-94.5,29.75,-94.75,441,50,3.59,49.7,other
48.0,48.5,-123.0,-122.5,48.25,-122.75,432,100,1.68,85.6,sailing
49.0,49.5,-123.0,-122.5,49.25,-122.75,398,66,0.35,96.2,other
47.0,47.5,-123.0,-122.5,47.25,-122.75,396,96,0.54,92.4,sailing
18.0,18.5,-65.0,-64.5,18.25,-64.75,391,111,0.55,93.6,sailing
28.5,29.0,-95.5,-95.0,28.75,-95.25,385,43,1.31,70.6,tug/tow
25.0,25.5,-80.5,-80.0,25.25,-80.25,378,81,1.19,90.5,sailing
38.5,39.0,-76.5,-76.0,38.75,-76.25,377,70,1.41,87.8,sailing
30.0,30.5,-94.0,-93.5,30.25,-93.75,367,41,0.73,85.0,tug/tow
38.5,39.0,-75.0,-74.5,38.75,-74.75,365,52,0.9,87.1,fishing
32.0,32.5,-81.5,-81.0,32.25,-81.25,362,56,0.42,93.1,other
33.5,34.0,-118.0,-117.5,33.75,-117.75,361,93,0.1,98.6,sailing
30.0,30.5,-82.0,-81.5,30.25,-81.75,338,53,2.36,74.0,other
37.0,37.5,-76.5,-76.0,37.25,-76.25,335,69,1.06,87.8,cargo
24.5,25.0,-82.0,-81.5,24.75,-81.75,334,78,0.08,98.8,sailing
39.0,39.5,-77.0,-76.5,39.25,-76.75,328,51,0.54,84.5,tug/tow
46.0,46.5,-124.0,-123.5,46.25,-123.75,321,44,1.77,84.4,fishing
29.5,30.0,-92.0,-91.5,29.75,-91.75,320,31,2.62,45.6,tug/tow
34.5,35.0,-77.0,-76.5,34.75,-76.75,320,55,0.65,90.0,other
38.0,38.5,-83.0,-82.5,38.25,-82.75,316,30,1.34,75.0,other
27.0,27.5,-83.0,-82.5,27.25,-82.75,313,73,0.18,97.4,sailing
27.5,28.0,-82.5,-82.0,27.75,-82.25,312,46,0.2,95.5,other
30.0,30.5,-88.5,-88.0,30.25,-88.25,309,46,2.6,62.5,other
31.0,31.5,-92.0,-91.5,31.25,-91.75,300,26,3.43,37.7,tug/tow
29.5,30.0,-93.5,-93.0,29.75,-93.25,299,31,2.45,55.2,tug/tow
28.5,29.0,-89.5,-89.0,28.75,-89.25,295,28,4.64,56.9,other
31.0,31.5,-81.5,-81.0,31.25,-81.25,287,52,1.08,80.8,sailing
29.5,30.0,-92.5,-92.0,29.75,-92.25,280,29,2.2,48.6,tug/tow
30.5,31.0,-91.5,-91.0,30.75,-91.25,274,23,3.38,48.5,tug/tow
30.0,30.5,-81.5,-81.0,30.25,-81.25,265,40,2.06,70.6,other
38.0,38.5,-90.5,-90.0,38.25,-90.25,254,21,1.3,77.2,tug/tow
42.0,42.5,-71.5,-71.0,42.25,-71.25,254,34,0.92,83.1,other
30.0,30.5,-88.0,-87.5,30.25,-87.75,251,59,0.57,88.4,sailing
29.5,30.0,-93.0,-92.5,29.75,-92.75,242,20,3.13,26.4,tug/tow
29.5,30.0,-94.5,-94.0,29.75,-94.25,229,20,4.27,17.5,tug/tow
29.0,29.5,-90.0,-89.5,29.25,-89.75,225,25,4.1,48.0,tug/tow
41.5,42.0,-88.0,-87.5,41.75,-87.75,224,25,1.44,68.8,passenger
18.0,18.5,-66.0,-65.5,18.25,-65.75,213,39,2.81,80.3,sailing
33.5,34.0,-78.5,-78.0,33.75,-78.25,211,34,1.46,78.2,other
18.0,18.5,-66.5,-66.0,18.25,-66.25,200,31,0.04,100.0,other
34.0,34.5,-78.0,-77.5,34.25,-77.75,196,37,0.82,93.4,other
30.0,30.5,-90.5,-90.0,30.25,-90.25,194,30,1.24,84.0,tug/tow
39.5,40.0,-76.0,-75.5,39.75,-75.75,187,21,4.12,67.4,other
40.0,40.5,-74.5,-74.0,40.25,-74.25,185,34,0.88,90.3,other
38.0,38.5,-122.5,-122.0,38.25,-122.25,182,30,6.34,64.8,other
30.0,30.5,-89.5,-89.0,30.25,-89.25,180,29,0.57,83.3,cargo
30.0,30.5,-94.5,-94.0,30.25,-94.25,177,22,0.89,83.6,tug/tow
30.0,30.5,-87.5,-87.0,30.25,-87.25,175,39,0.95,95.4,sailing
33.0,33.5,-118.5,-118.0,33.25,-118.25,171,18,6.2,50.3,passenger
40.5,41.0,-80.5,-80.0,40.75,-80.25,170,16,0.2,95.3,tug/tow
32.0,32.5,-81.0,-80.5,32.25,-80.75,166,43,0.04,99.4,sailing
37.5,38.0,-76.5,-76.0,37.75,-76.25,165,26,2.08,82.4,fishing
33.0,33.5,-118.0,-117.5,33.25,-117.75,161,35,0.48,91.9,sailing
46.0,46.5,-123.0,-122.5,46.25,-122.75,155,25,0.68,93.5,tug/tow
41.0,41.5,-72.5,-72.0,41.25,-72.25,153,18,5.89,38.6,passenger
43.5,44.0,-70.5,-70.0,43.75,-70.25,150,18,2.05,75.3,other
41.5,42.0,-71.0,-70.5,41.75,-70.75,150,28,2.72,69.3,fishing
49.0,49.5,-124.0,-123.5,49.25,-123.75,147,39,6.0,51.7,passenger
29.0,29.5,-95.5,-95.0,29.25,-95.25,142,13,3.87,21.1,tug/tow
40.0,40.5,-74.0,-73.5,40.25,-73.75,142,16,3.85,50.7,passenger
29.0,29.5,-94.0,-93.5,29.25,-93.75,140,24,2.63,68.6,tanker
35.0,35.5,-77.0,-76.5,35.25,-76.75,137,32,0.76,90.5,sailing
46.0,46.5,-123.5,-123.0,46.25,-123.25,132,21,3.07,64.4,sailing
36.5,37.0,-76.0,-75.5,36.75,-75.75,132,17,4.93,43.9,cargo
34.0,34.5,-119.5,-119.0,34.25,-119.25,132,37,1.02,94.7,sailing
29.0,29.5,-89.0,-88.5,29.25,-88.75,130,13,1.83,73.1,passenger
46.5,47.0,-92.5,-92.0,46.75,-92.25,129,13,0.29,89.9,cargo
43.5,44.0,-79.5,-79.0,43.75,-79.25,129,17,0.01,100.0,other
38.5,39.0,-77.5,-77.0,38.75,-77.25,127,27,0.69,92.1,sailing
48.5,49.0,-124.0,-123.5,48.75,-123.75,126,23,1.19,81.7,passenger
35.5,36.0,-76.0,-75.5,35.75,-75.75,125,25,0.58,78.4,fishing
38.5,39.0,-77.0,-76.5,38.75,-76.75,124,36,0.02,100.0,sailing
37.5,38.0,-123.0,-122.5,37.75,-122.75,123,12,8.14,11.4,cargo
29.5,30.0,-81.5,-81.0,29.75,-81.25,117,30,0.04,99.1,sailing
39.0,39.5,-76.5,-76.0,39.25,-76.25,111,17,2.85,68.5,other
29.0,29.5,-91.5,-91.0,29.25,-91.25,110,10,1.97,75.5,other
41.5,42.0,-70.5,-70.0,41.75,-70.25,110,10,5.58,41.8,other
42.0,42.5,-83.5,-83.0,42.25,-83.25,109,12,1.77,79.8,other
43.0,43.5,-124.5,-124.0,43.25,-124.25,107,14,0.4,92.5,other
38.5,39.0,-75.5,-75.0,38.75,-75.25,106,16,2.9,73.6,other
39.0,39.5,-74.5,-74.0,39.25,-74.25,99,13,1.26,86.9,other
41.0,41.5,-73.5,-73.0,41.25,-73.25,99,12,8.44,23.2,other
30.0,30.5,-90.0,-89.5,30.25,-89.75,99,12,2.32,53.5,tug/tow
38.0,38.5,-122.0,-121.5,38.25,-121.75,99,15,4.47,55.6,other
40.5,41.0,-73.5,-73.0,40.75,-73.25,97,11,3.75,67.0,other
28.5,29.0,-96.0,-95.5,28.75,-95.75,96,9,4.37,17.7,tug/tow
39.0,39.5,-75.0,-74.5,39.25,-74.75,96,13,0.41,91.7,other
32.5,33.0,-80.5,-80.0,32.75,-80.25,95,16,0.89,88.4,tug/tow
46.0,46.5,-124.5,-124.0,46.25,-124.25,95,18,1.42,90.5,other
41.0,41.5,-73.0,-72.5,41.25,-72.75,95,11,2.95,61.1,other
28.0,28.5,-83.0,-82.5,28.25,-82.75,94,18,0.58,87.2,sailing
27.5,28.0,-97.0,-96.5,27.75,-96.75,94,13,3.46,63.8,tanker
29.0,29.5,-94.5,-94.0,29.25,-94.25,94,14,7.46,39.4,tanker
30.0,30.5,-86.0,-85.5,30.25,-85.75,93,22,0.02,100.0,sailing
30.5,31.0,-92.0,-91.5,30.75,-91.75,91,9,4.98,8.8,tug/tow
29.5,30.0,-89.0,-88.5,29.75,-88.75,90,10,5.01,15.6,fishing
30.0,30.5,-86.5,-86.0,30.25,-86.25,89,16,2.68,76.4,sailing
46.0,46.5,-84.5,-84.0,46.25,-84.25,88,9,3.6,50.0,cargo
44.0,44.5,-124.5,-124.0,44.25,-124.25,87,10,5.18,1.1,fishing
28.0,28.5,-97.0,-96.5,28.25,-96.75,87,7,3.71,26.4,other
28.5,29.0,-90.0,-89.5,28.75,-89.75,84,12,4.66,48.8,other
21.0,21.5,-158.5,-158.0,21.25,-158.25,84,13,0.17,95.2,tug/tow
48.0,48.5,-122.5,-122.0,48.25,-122.25,81,28,1.28,91.4,sailing
30.5,31.0,-81.5,-81.0,30.75,-81.25,79,17,0.07,100.0,sailing
36.5,37.0,-122.0,-121.5,36.75,-121.75,79,16,3.18,63.3,sailing
28.5,29.0,-97.0,-96.5,28.75,-96.75,78,8,0.0,100.0,tug/tow
42.0,42.5,-124.5,-124.0,42.25,-124.25,78,10,1.68,62.8,fishing
31.0,31.5,-88.0,-87.5,31.25,-87.75,77,7,2.39,49.4,other
26.5,27.0,-82.5,-82.0,26.75,-82.25,76,20,0.87,81.6,sailing
28.5,29.0,-95.0,-94.5,28.75,-94.75,75,15,2.22,80.0,tanker
43.0,43.5,-70.5,-70.0,43.25,-70.25,74,7,8.26,6.8,fishing
39.5,40.0,-74.5,-74.0,39.75,-74.25,74,15,1.59,83.8,fishing
48.5,49.0,-122.5,-122.0,48.75,-122.25,74,17,0.06,98.6,sailing
41.0,41.5,-70.5,-70.0,41.25,-70.25,72,7,2.61,81.9,other
42.5,43.0,-82.5,-82.0,42.75,-82.25,71,10,1.94,80.3,other
34.5,35.0,-90.5,-90.0,34.75,-90.25,70,6,4.92,18.6,tug/tow
29.0,29.5,-92.5,-92.0,29.25,-92.25,70,10,2.48,70.0,passenger
30.5,31.0,-82.0,-81.5,30.75,-81.75,70,12,0.01,100.0,sailing
28.5,29.0,-90.5,-90.0,28.75,-90.25,69,17,3.91,58.0,other
41.0,41.5,-71.0,-70.5,41.25,-70.75,66,6,4.12,50.0,fishing
40.0,40.5,-80.5,-80.0,40.25,-80.25,66,6,0.0,100.0,passenger
17.5,18.0,-66.5,-66.0,17.75,-66.25,65,11,0.01,100.0,tug/tow
38.5,39.0,-82.5,-82.0,38.75,-82.25,65,12,2.07,60.0,tug/tow
33.5,34.0,-79.0,-78.5,33.75,-78.75,64,13,0.8,79.7,sailing
42.0,42.5,-71.0,-70.5,42.25,-70.75,63,7,2.14,71.4,other
25.5,26.0,-80.0,-79.5,25.75,-79.75,63,6,12.66,0.0,passenger
31.5,32.0,-81.5,-81.0,31.75,-81.25,63,13,0.0,100.0,sailing
25.0,25.5,-80.0,-79.5,25.25,-79.75,62,5,12.78,0.0,cargo
48.0,48.5,-124.0,-123.5,48.25,-123.75,62,15,1.19,85.5,fishing
26.0,26.5,-80.0,-79.5,26.25,-79.75,61,6,12.33,0.0,passenger
42.0,42.5,-74.0,-73.5,42.25,-73.75,60,6,1.65,75.0,tug/tow
28.0,28.5,-80.5,-80.0,28.25,-80.25,60,6,9.8,0.0,sailing
33.0,33.5,-117.5,-117.0,33.25,-117.25,58,10,1.12,81.0,sailing
27.0,27.5,-82.5,-82.0,27.25,-82.25,57,13,0.02,100.0,sailing
27.5,28.0,-98.0,-97.5,27.75,-97.75,56,6,1.06,66.1,tug/tow
29.5,30.0,-82.0,-81.5,29.75,-81.75,56,10,0.0,100.0,other
42.5,43.0,-71.0,-70.5,42.75,-70.75,56,9,0.07,100.0,fishing
34.0,34.5,-91.0,-90.5,34.25,-90.75,56,6,1.68,75.0,tug/tow
42.5,43.0,-74.0,-73.5,42.75,-73.75,56,5,0.0,100.0,other
45.5,46.0,-124.5,-124.0,45.75,-124.25,56,7,5.87,0.0,fishing
30.0,30.5,-87.0,-86.5,30.25,-86.75,55,11,2.08,74.5,sailing
34.0,34.5,-120.0,-119.5,34.25,-119.75,55,14,10.31,29.1,passenger
27.5,28.0,-83.5,-83.0,27.75,-83.25,55,8,6.24,30.9,cargo
17.5,18.0,-67.0,-66.5,17.75,-66.75,53,6,1.18,83.0,cargo
40.5,41.0,-72.5,-72.0,40.75,-72.25,53,7,5.46,50.9,cargo
33.0,33.5,-79.5,-79.0,33.25,-79.25,53,9,0.93,77.4,sailing
35.0,35.5,-75.5,-75.0,35.25,-75.25,52,7,6.97,0.0,cargo
27.5,28.0,-96.5,-96.0,27.75,-96.25,52,8,4.28,44.2,tanker
40.0,40.5,-75.0,-74.5,40.25,-74.75,52,6,3.17,46.2,other
42.0,42.5,-83.0,-82.5,42.25,-82.75,52,5,8.14,15.4,cargo
28.5,29.0,-94.5,-94.0,28.75,-94.25,51,6,11.75,5.9,tanker
42.0,42.5,-80.5,-80.0,42.25,-80.25,51,6,6.3,51.0,cargo
39.5,40.0,-74.0,-73.5,39.75,-73.75,50,5,7.44,24.0,fishing
37.0,37.5,-77.0,-76.5,37.25,-76.75,50,7,3.29,60.0,passenger
28.5,29.0,-81.0,-80.5,28.75,-80.75,50,12,1.23,80.0,sailing
24.5,25.0,-80.5,-80.0,24.75,-80.25,49,6,11.15,0.0,cargo
37.0,37.5,-77.5,-77.0,37.25,-77.25,49,5,1.74,79.6,tug/tow
44.0,44.5,-69.5,-69.0,44.25,-69.25,49,8,0.06,100.0,other
46.0,46.5,-125.0,-124.5,46.25,-124.75,48,5,8.77,25.0,cargo
29.0,29.5,-92.0,-91.5,29.25,-91.75,48,6,0.03,100.0,tug/tow
38.0,38.5,-75.5,-75.0,38.25,-75.25,47,8,0.11,97.9,fishing
28.0,28.5,-88.5,-88.0,28.25,-88.25,46,8,0.28,97.8,other
27.5,28.0,-80.5,-80.0,27.75,-80.25,46,14,0.98,84.8,sailing
17.5,18.0,-65.0,-64.5,17.75,-64.75,45,10,4.71,60.0,tanker
41.5,42.0,-83.5,-83.0,41.75,-83.25,45,5,2.67,73.3,other
39.0,39.5,-75.5,-75.0,39.25,-75.25,44,5,12.56,11.4,cargo
32.0,32.5,-117.5,-117.0,32.25,-117.25,44,6,0.22,100.0,tanker
42.5,43.0,-125.0,-124.5,42.75,-124.75,44,4,7.07,0.0,fishing
39.0,39.5,-76.0,-75.5,39.25,-75.75,43,6,0.64,95.3,other
43.0,43.5,-71.0,-70.5,43.25,-70.75,43,8,0.01,100.0,other
28.0,28.5,-89.5,-89.0,28.25,-89.25,43,8,2.82,76.7,other
28.5,29.0,-96.5,-96.0,28.75,-96.25,42,5,1.17,73.8,tug/tow
48.0,48.5,-124.5,-124.0,48.25,-124.25,42,3,15.51,0.0,cargo
35.0,35.5,-77.5,-77.0,35.25,-77.25,42,11,0.01,100.0,sailing
18.0,18.5,-67.0,-66.5,18.25,-66.75,42,5,0.0,92.9,other
29.5,30.0,-85.0,-84.5,29.75,-84.75,42,7,0.0,100.0,tug/tow
33.5,34.0,-78.0,-77.5,33.75,-77.75,41,8,5.61,46.3,passenger
28.5,29.0,-89.0,-88.5,28.75,-88.75,41,4,10.54,29.3,cargo
35.0,35.5,-76.0,-75.5,35.25,-75.75,41,4,4.22,51.2,passenger
29.0,29.5,-93.5,-93.0,29.25,-93.25,41,4,7.58,7.3,tug/tow
40.0,40.5,-80.0,-79.5,40.25,-79.75,40,4,2.38,42.5,tug/tow
43.5,44.0,-87.0,-86.5,43.75,-86.75,39,3,9.36,0.0,cargo
28.0,28.5,-96.5,-96.0,28.25,-96.25,39,5,2.44,66.7,other
34.5,35.0,-91.0,-90.5,34.75,-90.75,38,3,6.16,0.0,tug/tow
41.5,42.0,-82.0,-81.5,41.75,-81.75,37,3,7.42,32.4,other
43.5,44.0,-79.0,-78.5,43.75,-78.75,37,4,11.12,0.0,cargo
29.5,30.0,-88.0,-87.5,29.75,-87.75,37,3,9.42,0.0,cargo
33.5,34.0,-79.5,-79.0,33.75,-79.25,37,7,2.04,62.2,sailing
43.0,43.5,-79.5,-79.0,43.25,-79.25,37,5,0.14,100.0,cargo
34.5,35.0,-121.0,-120.5,34.75,-120.75,36,3,8.56,0.0,tug/tow
28.0,28.5,-89.0,-88.5,28.25,-88.75,36,5,7.29,25.0,cargo
31.5,32.0,-80.5,-80.0,31.75,-80.25,36,7,2.79,66.7,cargo
29.0,29.5,-93.0,-92.5,29.25,-92.75,35,4,6.88,0.0,fishing
30.0,30.5,-92.0,-91.5,30.25,-91.75,34,3,1.9,70.6,tug/tow
24.5,25.0,-81.0,-80.5,24.75,-80.75,34,9,7.79,47.1,sailing
42.5,43.0,-80.5,-80.0,42.75,-80.25,33,6,4.1,60.6,tanker
29.0,29.5,-91.0,-90.5,29.25,-90.75,33,8,1.78,72.7,sailing
35.5,36.0,-90.0,-89.5,35.75,-89.75,33,5,7.44,0.0,tug/tow
42.5,43.0,-79.5,-79.0,42.75,-79.25,33,3,1.2,54.5,tanker
35.0,35.5,-121.5,-121.0,35.25,-121.25,33,3,11.31,0.0,cargo
18.0,18.5,-65.5,-65.0,18.25,-65.25,33,9,0.13,100.0,sailing
34.0,34.5,-120.5,-120.0,34.25,-120.25,32,3,3.5,71.9,passenger
26.5,27.0,-97.5,-97.0,26.75,-97.25,32,4,0.64,84.4,passenger
34.5,35.0,-76.0,-75.5,34.75,-75.75,32,3,11.22,0.0,cargo
40.5,41.0,-70.5,-70.0,40.75,-70.25,32,3,4.25,0.0,fishing
44.0,44.5,-77.0,-76.5,44.25,-76.75,31,3,3.42,61.3,passenger
41.0,41.5,-82.0,-81.5,41.25,-81.75,31,3,0.0,100.0,tug/tow
42.5,43.0,-124.5,-124.0,42.75,-124.25,31,3,4.35,6.5,fishing
34.0,34.5,-121.0,-120.5,34.25,-120.75,30,3,12.51,0.0,cargo
41.0,41.5,-74.0,-73.5,41.25,-73.75,30,3,7.24,16.7,other
35.5,36.0,-76.5,-76.0,35.75,-76.25,30,3,5.51,16.7,other
34.5,35.0,-75.5,-75.0,34.75,-75.25,30,3,13.05,0.0,cargo
16.5,17.0,-67.5,-67.0,16.75,-67.25,29,2,13.44,0.0,cargo
46.5,47.0,-92.0,-91.5,46.75,-91.75,29,3,0.22,100.0,cargo
38.0,38.5,-76.5,-76.0,38.25,-76.25,29,6,6.49,62.1,cargo
37.5,38.0,-121.5,-121.0,37.75,-121.25,29,6,0.03,100.0,sailing
40.5,41.0,-124.5,-124.0,40.75,-124.25,29,8,0.35,93.1,fishing
36.5,37.0,-75.5,-75.0,36.75,-75.25,28,2,0.26,100.0,cargo
26.0,26.5,-97.5,-97.0,26.25,-97.25,28,7,0.45,92.9,other
37.5,38.0,-75.5,-75.0,37.75,-75.25,28,4,7.61,25.0,other
43.5,44.0,-82.5,-82.0,43.75,-82.25,28,2,11.55,0.0,cargo
43.0,43.5,-80.0,-79.5,43.25,-79.75,28,5,4.81,64.3,cargo
25.5,26.0,-79.5,-79.0,25.75,-79.25,28,3,13.64,0.0,tanker
31.5,32.0,-81.0,-80.5,31.75,-80.75,28,5,1.95,64.3,cargo
49.0,49.5,-126.0,-125.5,49.25,-125.75,27,3,0.01,100.0,cargo
45.5,46.0,-84.0,-83.5,45.75,-83.75,27,3,7.73,33.3,cargo
46.5,47.0,-124.5,-124.0,46.75,-124.25,27,5,5.69,40.7,cargo
41.0,41.5,-126.0,-125.5,41.25,-125.75,27,2,12.8,0.0,other
36.5,37.0,-123.0,-122.5,36.75,-122.75,27,4,5.64,11.1,other
31.0,31.5,-88.5,-88.0,31.25,-88.25,26,2,3.43,53.8,tug/tow
45.5,46.0,-84.5,-84.0,45.75,-84.25,26,3,4.31,57.7,fishing
18.0,18.5,-68.5,-68.0,18.25,-68.25,26,2,16.72,0.0,cargo
39.5,40.0,-73.5,-73.0,39.75,-73.25,26,3,6.08,0.0,cargo
43.5,44.0,-70.0,-69.5,43.75,-69.75,26,2,0.0,100.0,passenger
18.5,19.0,-66.0,-65.5,18.75,-65.75,26,2,6.71,11.5,tanker
28.0,28.5,-93.0,-92.5,28.25,-92.75,26,4,10.97,0.0,tanker
37.0,37.5,-123.5,-123.0,37.25,-123.25,25,2,5.97,52.0,tanker
28.5,29.0,-83.5,-83.0,28.75,-83.25,25,3,6.7,0.0,tug/tow
32.5,33.0,-118.0,-117.5,32.75,-117.75,25,2,6.71,36.0,tanker
30.5,31.0,-87.5,-87.0,30.75,-87.25,25,4,0.0,100.0,tug/tow
47.0,47.5,-90.5,-90.0,47.25,-90.25,25,2,12.64,0.0,cargo
28.5,29.0,-94.0,-93.5,28.75,-93.75,25,3,12.71,12.0,tanker
38.5,39.0,-83.0,-82.5,38.75,-82.75,25,2,3.72,24.0,tug/tow
24.0,24.5,-82.0,-81.5,24.25,-81.75,25,2,12.92,0.0,cargo
43.0,43.5,-86.5,-86.0,43.25,-86.25,25,6,0.01,100.0,other
24.5,25.0,-80.0,-79.5,24.75,-79.75,25,2,15.54,0.0,cargo
41.5,42.0,-87.5,-87.0,41.75,-87.25,25,5,0.0,100.0,tug/tow
49.5,50.0,-124.5,-124.0,49.75,-124.25,25,5,1.68,48.0,other
27.0,27.5,-80.5,-80.0,27.25,-80.25,25,9,0.02,100.0,sailing
39.0,39.5,-125.0,-124.5,39.25,-124.75,24,2,14.88,0.0,cargo
36.0,36.5,-75.5,-75.0,36.25,-75.25,24,2,12.88,0.0,other
43.0,43.5,-79.0,-78.5,43.25,-78.75,24,2,11.85,0.0,cargo
28.0,28.5,-90.5,-90.0,28.25,-90.25,24,5,10.29,8.3,cargo
40.5,41.0,-71.0,-70.5,40.75,-70.75,23,2,7.27,0.0,tug/tow
46.5,47.0,-85.0,-84.5,46.75,-84.75,23,2,12.9,0.0,cargo
36.5,37.0,-75.0,-74.5,36.75,-74.75,23,2,14.96,0.0,cargo
45.0,45.5,-124.5,-124.0,45.25,-124.25,23,3,3.21,0.0,fishing
34.5,35.0,-122.0,-121.5,34.75,-121.75,23,2,8.2,0.0,tanker
29.0,29.5,-81.0,-80.5,29.25,-80.75,23,7,0.2,95.7,sailing
41.0,41.5,-69.5,-69.0,41.25,-69.25,22,2,8.67,0.0,tanker
35.5,36.0,-75.0,-74.5,35.75,-74.75,22,2,10.45,0.0,cargo
33.5,34.0,-77.0,-76.5,33.75,-76.75,22,2,12.68,0.0,cargo
30.0,30.5,-93.0,-92.5,30.25,-92.75,22,2,0.0,100.0,tug/tow
41.5,42.0,-74.0,-73.5,41.75,-73.75,22,2,1.73,50.0,other
47.0,47.5,-92.0,-91.5,47.25,-91.75,22,3,0.0,100.0,cargo
39.5,40.0,-76.5,-76.0,39.75,-76.25,22,3,0.19,95.5,other
18.0,18.5,-70.0,-69.5,18.25,-69.75,22,5,9.36,31.8,tanker
44.0,44.5,-76.5,-76.0,44.25,-76.25,22,3,4.46,54.5,passenger
41.5,42.0,-124.5,-124.0,41.75,-124.25,22,6,0.0,100.0,fishing
41.0,41.5,-72.0,-71.5,41.25,-71.75,21,4,0.0,100.0,fishing
28.0,28.5,-90.0,-89.5,28.25,-89.75,21,2,9.75,0.0,tanker
46.5,47.0,-84.5,-84.0,46.75,-84.25,21,2,1.97,61.9,tug/tow
27.5,28.0,-89.0,-88.5,27.75,-88.75,21,4,11.96,0.0,cargo
18.0,18.5,-64.5,-64.0,18.25,-64.25,21,4,14.36,9.5,passenger
28.5,29.0,-81.5,-81.0,28.75,-81.25,21,3,2.23,42.9,passenger
35.0,35.5,-122.5,-122.0,35.25,-122.25,21,2,9.84,0.0,cargo
35.5,36.0,-75.5,-75.0,35.75,-75.25,21,2,7.45,0.0,cargo
35.0,35.5,-90.0,-89.5,35.25,-89.75,21,3,5.12,0.0,tug/tow
18.0,18.5,-67.5,-67.0,18.25,-67.25,21,6,0.01,100.0,sailing
31.0,31.5,-91.5,-91.0,31.25,-91.25,20,2,3.62,0.0,tug/tow
48.0,48.5,-125.5,-125.0,48.25,-125.25,20,2,9.55,0.0,tug/tow
31.0,31.5,-81.0,-80.5,31.25,-80.75,20,3,4.63,20.0,sailing
36.5,37.0,-123.5,-123.0,36.75,-123.25,20,2,15.11,0.0,cargo
49.5,50.0,-123.5,-123.0,49.75,-123.25,20,4,1.44,85.0,sailing
45.5,46.0,-122.5,-122.0,45.75,-122.25,20,2,3.48,45.0,tug/tow
43.5,44.0,-124.5,-124.0,43.75,-124.25,20,4,2.44,60.0,fishing
41.5,42.0,-81.0,-80.5,41.75,-80.75,20,2,0.0,100.0,cargo
28.5,29.0,-80.5,-80.0,28.75,-80.25,20,2,7.75,0.0,sailing
24.5,25.0,-82.5,-82.0,24.75,-82.25,20,3,3.33,0.0,fishing
35.5,36.0,-90.5,-90.0,35.75,-90.25,19,2,3.02,52.6,tug/tow
40.5,41.0,-72.0,-71.5,40.75,-71.75,18,2,8.17,0.0,cargo
36.5,37.0,-124.0,-123.5,36.75,-123.75,18,2,11.71,0.0,other
29.5,30.0,-85.5,-85.0,29.75,-85.25,18,2,4.49,0.0,sailing
35.0,35.5,-121.0,-120.5,35.25,-120.75,18,3,0.0,100.0,other
19.5,20.0,-156.5,-156.0,19.75,-156.25,18,2,1.14,44.4,passenger
30.0,30.5,-81.0,-80.5,30.25,-80.75,18,2,2.63,72.2,cargo
43.5,44.0,-88.0,-87.5,43.75,-87.75,18,2,0.03,100.0,other
27.5,28.0,-90.0,-89.5,27.75,-89.75,18,3,1.89,83.3,cargo
38.0,38.5,-123.5,-123.0,38.25,-123.25,18,4,5.29,38.9,tug/tow
27.5,28.0,-89.5,-89.0,27.75,-89.25,18,2,11.84,0.0,other
25.0,25.5,-79.5,-79.0,25.25,-79.25,18,2,16.62,0.0,tanker
44.5,45.0,-87.5,-87.0,44.75,-87.25,17,2,0.01,100.0,tug/tow
29.0,29.5,-96.0,-95.5,29.25,-95.75,17,2,0.0,100.0,tug/tow
32.5,33.0,-79.0,-78.5,32.75,-78.75,17,2,11.06,23.5,cargo
23.5,24.0,-82.0,-81.5,23.75,-81.75,17,2,10.88,0.0,cargo
34.5,35.0,-121.5,-121.0,34.75,-121.25,17,2,11.28,0.0,cargo
42.5,43.0,-80.0,-79.5,42.75,-79.75,17,2,0.0,100.0,tug/tow
41.5,42.0,-88.5,-88.0,41.75,-88.25,17,5,0.0,100.0,tug/tow
49.0,49.5,-124.5,-124.0,49.25,-124.25,16,6,5.41,25.0,other
18.5,19.0,-67.5,-67.0,18.75,-67.25,15,1,11.85,0.0,sailing
33.5,34.0,-120.0,-119.5,33.75,-119.75,15,2,10.13,20.0,tanker
29.5,30.0,-84.5,-84.0,29.75,-84.25,15,2,7.81,0.0,sailing
48.0,48.5,-125.0,-124.5,48.25,-124.75,15,5,0.77,93.3,fishing
28.5,29.0,-83.0,-82.5,28.75,-82.75,15,3,2.99,53.3,other
47.5,48.0,-87.0,-86.5,47.75,-86.75,14,1,12.21,0.0,cargo
29.5,30.0,-81.0,-80.5,29.75,-80.75,14,1,14.15,0.0,cargo
38.0,38.5,-124.0,-123.5,38.25,-123.75,14,2,1.89,78.6,cargo
42.0,42.5,-125.5,-125.0,42.25,-125.25,14,1,15.04,0.0,cargo
48.0,48.5,-88.5,-88.0,48.25,-88.25,14,1,11.5,0.0,cargo
34.5,35.0,-76.5,-76.0,34.75,-76.25,14,1,7.74,0.0,other
33.0,33.5,-78.5,-78.0,33.25,-78.25,14,1,13.39,0.0,cargo
48.5,49.0,-125.5,-125.0,48.75,-125.25,14,1,11.25,0.0,cargo
38.0,38.5,-77.0,-76.5,38.25,-76.75,14,1,0.0,100.0,other
38.5,39.0,-122.0,-121.5,38.75,-121.75,14,3,0.0,100.0,cargo
43.5,44.0,-83.0,-82.5,43.75,-82.75,14,1,11.61,0.0,other
28.5,29.0,-93.5,-93.0,28.75,-93.25,14,2,9.46,28.6,tanker
44.0,44.5,-69.0,-68.5,44.25,-68.75,14,3,7.76,28.6,fishing
42.5,43.0,-125.5,-125.0,42.75,-125.25,14,1,4.61,0.0,other
48.0,48.5,-87.5,-87.0,48.25,-87.25,14,1,12.3,0.0,cargo
38.0,38.5,-75.0,-74.5,38.25,-74.75,14,2,13.15,0.0,tanker
43.5,44.0,-126.0,-125.5,43.75,-125.75,14,2,16.51,0.0,cargo
34.0,34.5,-122.0,-121.5,34.25,-121.75,14,1,11.34,0.0,tanker
45.0,45.5,-85.5,-85.0,45.25,-85.25,14,1,0.0,100.0,other
45.0,45.5,-83.5,-83.0,45.25,-83.25,14,1,14.24,0.0,cargo
20.5,21.0,-156.5,-156.0,20.75,-156.25,14,3,1.58,71.4,sailing
26.0,26.5,-98.0,-97.5,26.25,-97.75,14,3,0.04,100.0,other
48.5,49.0,-125.0,-124.5,48.75,-124.75,14,1,11.33,0.0,cargo
43.0,43.5,-88.0,-87.5,43.25,-87.75,14,3,0.0,100.0,other
41.5,42.0,-83.0,-82.5,41.75,-82.75,13,1,0.0,100.0,cargo
18.5,19.0,-64.5,-64.0,18.75,-64.25,13,1,8.21,0.0,cargo
46.5,47.0,-85.5,-85.0,46.75,-85.25,13,1,11.45,0.0,cargo
36.0,36.5,-123.0,-122.5,36.25,-122.75,13,1,12.05,0.0,cargo
17.5,18.0,-67.5,-67.0,17.75,-67.25,13,1,6.77,0.0,cargo
44.5,45.0,-83.0,-82.5,44.75,-82.75,13,1,12.7,0.0,cargo
38.5,39.0,-76.0,-75.5,38.75,-75.75,13,1,0.0,100.0,tug/tow
42.0,42.5,-88.0,-87.5,42.25,-87.75,13,3,0.2,92.3,other
46.5,47.0,-87.0,-86.5,46.75,-86.75,13,1,11.23,0.0,cargo
20.5,21.0,-157.0,-156.5,20.75,-156.75,13,2,4.33,53.8,other
20.5,21.0,-65.5,-65.0,20.75,-65.25,13,1,16.19,0.0,cargo
17.0,17.5,-64.5,-64.0,17.25,-64.25,13,1,17.4,0.0,cargo
43.0,43.5,-84.0,-83.5,43.25,-83.75,13,1,0.01,100.0,tug/tow
41.5,42.0,-125.5,-125.0,41.75,-125.25,13,1,11.91,0.0,cargo
29.0,29.5,-88.5,-88.0,29.25,-88.25,13,2,0.85,76.9,other
36.0,36.5,-75.0,-74.5,36.25,-74.75,13,1,0.64,100.0,cargo
44.0,44.5,-87.0,-86.5,44.25,-86.75,13,1,8.17,0.0,other
45.0,45.5,-125.0,-124.5,45.25,-124.75,12,1,6.58,0.0,other
40.5,41.0,-73.0,-72.5,40.75,-72.75,12,1,0.0,100.0,sailing
19.5,20.0,-67.0,-66.5,19.75,-66.75,12,1,12.69,0.0,tanker
21.0,21.5,-159.5,-159.0,21.25,-159.25,12,1,10.88,0.0,other
38.0,38.5,-82.5,-82.0,38.25,-82.25,12,2,3.84,0.0,tug/tow
44.0,44.5,-82.0,-81.5,44.25,-81.75,12,1,9.69,0.0,cargo
40.5,41.0,-125.5,-125.0,40.75,-125.25,12,1,11.44,0.0,other
32.5,33.0,-119.5,-119.0,32.75,-119.25,12,1,4.42,0.0,tanker
38.5,39.0,-124.5,-124.0,38.75,-124.25,12,1,8.49,0.0,cargo
31.0,31.5,-92.5,-92.0,31.25,-92.25,12,2,1.09,75.0,other
37.0,37.5,-75.0,-74.5,37.25,-74.75,12,1,0.77,100.0,cargo
41.0,41.5,-125.5,-125.0,41.25,-125.25,12,1,17.82,0.0,cargo
18.0,18.5,-64.0,-63.5,18.25,-63.75,12,1,18.24,0.0,cargo
18.5,19.0,-66.5,-66.0,18.75,-66.25,12,1,12.43,0.0,cargo
35.5,36.0,-122.0,-121.5,35.75,-121.75,12,1,7.63,0.0,tanker
39.5,40.0,-75.0,-74.5,39.75,-74.75,12,1,0.0,100.0,other
21.0,21.5,-157.5,-157.0,21.25,-157.25,12,1,7.21,0.0,fishing
46.5,47.0,-87.5,-87.0,46.75,-87.25,12,1,0.01,100.0,cargo
46.0,46.5,-126.0,-125.5,46.25,-125.75,12,1,12.76,0.0,tanker
26.0,26.5,-97.0,-96.5,26.25,-96.75,12,1,3.11,0.0,other
20.0,20.5,-156.5,-156.0,20.25,-156.25,12,1,8.23,0.0,tug/tow
36.0,36.5,-76.5,-76.0,36.25,-76.25,12,1,6.03,0.0,other
38.0,38.5,-124.5,-124.0,38.25,-124.25,11,1,12.95,0.0,cargo
40.0,40.5,-125.0,-124.5,40.25,-124.75,11,1,9.86,0.0,tug/tow
28.5,29.0,-92.5,-92.0,28.75,-92.25,11,2,17.04,0.0,passenger
17.5,18.0,-66.0,-65.5,17.75,-65.75,11,1,5.3,0.0,sailing
19.0,19.5,-67.5,-67.0,19.25,-67.25,11,1,10.17,0.0,cargo
43.5,44.0,-78.0,-77.5,43.75,-77.75,11,1,11.23,0.0,cargo
36.0,36.5,-123.5,-123.0,36.25,-123.25,11,1,11.59,0.0,tanker
32.5,33.0,-118.5,-118.0,32.75,-118.25,11,1,10.86,0.0,tanker
42.5,43.0,-87.0,-86.5,42.75,-86.75,11,1,7.49,0.0,other
34.0,34.5,-76.5,-76.0,34.25,-76.25,11,1,12.04,0.0,tanker
31.0,31.5,-80.5,-80.0,31.25,-80.25,11,1,0.85,100.0,cargo
40.5,41.0,-125.0,-124.5,40.75,-124.75,11,1,10.51,0.0,cargo
18.0,18.5,-68.0,-67.5,18.25,-67.75,11,1,10.8,0.0,cargo
34.0,34.5,-75.5,-75.0,34.25,-75.25,11,1,10.1,0.0,cargo
44.0,44.5,-83.0,-82.5,44.25,-82.75,11,1,12.09,0.0,cargo
29.5,30.0,-88.5,-88.0,29.75,-88.25,11,1,4.41,0.0,tug/tow
37.5,38.0,-76.0,-75.5,37.75,-75.75,11,3,4.08,27.3,sailing
32.0,32.5,-79.5,-79.0,32.25,-79.25,11,1,12.78,0.0,cargo
42.0,42.5,-70.0,-69.5,42.25,-69.75,11,1,2.69,0.0,fishing
34.0,34.5,-119.0,-118.5,34.25,-118.75,11,1,0.56,90.9,fishing
44.0,44.5,-77.5,-77.0,44.25,-77.25,11,1,2.72,36.4,passenger
34.0,34.5,-76.0,-75.5,34.25,-75.75,11,2,19.85,0.0,cargo
30.0,30.5,-92.5,-92.0,30.25,-92.25,10,1,5.08,0.0,other
30.5,31.0,-80.5,-80.0,30.75,-80.25,10,1,15.66,0.0,cargo
30.5,31.0,-88.0,-87.5,30.75,-87.75,10,1,3.55,0.0,tug/tow
27.5,28.0,-84.0,-83.5,27.75,-83.75,10,2,9.1,0.0,other
28.5,29.0,-93.0,-92.5,28.75,-92.75,10,1,18.45,0.0,other
19.5,20.0,-66.5,-66.0,19.75,-66.25,10,1,18.49,0.0,cargo
32.5,33.0,-78.5,-78.0,32.75,-78.25,10,1,2.94,0.0,cargo
47.0,47.5,-87.0,-86.5,47.25,-86.75,10,1,11.66,0.0,cargo
49.5,50.0,-125.0,-124.5,49.75,-124.75,10,3,3.88,40.0,passenger
41.0,41.5,-126.5,-126.0,41.25,-126.25,10,1,12.26,0.0,tanker
27.5,28.0,-91.0,-90.5,27.75,-90.75,10,3,11.97,10.0,cargo
19.5,20.0,-156.0,-155.5,19.75,-155.75,10,1,3.94,30.0,passenger
37.5,38.0,-90.5,-90.0,37.75,-90.25,10,2,0.07,100.0,other
47.5,48.0,-125.5,-125.0,47.75,-125.25,10,1,6.34,0.0,tug/tow
43.5,44.0,-77.0,-76.5,43.75,-76.75,10,1,14.28,0.0,tanker
29.5,30.0,-89.5,-89.0,29.75,-89.25,10,1,0.02,100.0,passenger
46.5,47.0,-125.0,-124.5,46.75,-124.75,10,1,11.64,0.0,cargo
33.0,33.5,-79.0,-78.5,33.25,-78.75,10,1,4.88,0.0,sailing
33.5,34.0,-77.5,-77.0,33.75,-77.25,10,1,12.62,0.0,cargo
21.5,22.0,-159.5,-159.0,21.75,-159.25,10,1,6.66,0.0,other
39.5,40.0,-69.5,-69.0,39.75,-69.25,10,2,13.57,0.0,cargo
38.5,39.0,-74.5,-74.0,38.75,-74.25,10,2,8.01,0.0,cargo
38.5,39.0,-124.0,-123.5,38.75,-123.75,10,1,9.46,0.0,tug/tow
17.0,17.5,-66.5,-66.0,17.25,-66.25,10,1,3.34,0.0,fishing
47.5,48.0,-88.0,-87.5,47.75,-87.75,10,1,12.24,0.0,cargo
17.0,17.5,-67.5,-67.0,17.25,-67.25,9,1,9.82,0.0,tanker
31.5,32.0,-80.0,-79.5,31.75,-79.75,9,1,12.39,0.0,cargo
39.0,39.5,-73.5,-73.0,39.25,-73.25,9,1,0.09,100.0,other
39.0,39.5,-124.0,-123.5,39.25,-123.75,9,1,2.67,11.1,fishing
45.0,45.5,-123.0,-122.5,45.25,-122.75,9,3,0.01,100.0,sailing
24.0,24.5,-83.0,-82.5,24.25,-82.75,9,1,11.58,0.0,tanker
41.5,42.0,-71.5,-71.0,41.75,-71.25,9,2,0.0,100.0,cargo
34.5,35.0,-77.5,-77.0,34.75,-77.25,9,2,0.13,100.0,sailing
18.5,19.0,-65.5,-65.0,18.75,-65.25,9,1,6.03,0.0,sailing
35.0,35.5,-75.0,-74.5,35.25,-74.75,9,1,7.61,0.0,cargo
31.0,31.5,-80.0,-79.5,31.25,-79.75,9,1,8.97,0.0,cargo
45.5,46.0,-124.0,-123.5,45.75,-123.75,9,1,6.48,0.0,fishing
28.0,28.5,-97.5,-97.0,28.25,-97.25,9,2,4.5,33.3,tug/tow
35.0,35.5,-122.0,-121.5,35.25,-121.75,9,2,16.06,0.0,cargo
32.5,33.0,-78.0,-77.5,32.75,-77.75,9,1,10.11,0.0,cargo
40.5,41.0,-71.5,-71.0,40.75,-71.25,9,1,7.11,0.0,cargo
36.5,37.0,-74.5,-74.0,36.75,-74.25,9,2,6.08,44.4,cargo
18.5,19.0,-68.0,-67.5,18.75,-67.75,9,1,7.17,0.0,fishing
46.5,47.0,-91.0,-90.5,46.75,-90.75,9,3,0.0,100.0,passenger
32.0,32.5,-80.5,-80.0,32.25,-80.25,9,2,0.0,100.0,cargo
28.0,28.5,-88.0,-87.5,28.25,-87.75,9,1,0.0,100.0,other
23.5,24.0,-82.5,-82.0,23.75,-82.25,9,3,15.99,0.0,tanker
38.0,38.5,-76.0,-75.5,38.25,-75.75,9,4,0.01,100.0,sailing
38.0,38.5,-121.5,-121.0,38.25,-121.25,9,2,0.0,100.0,sailing
48.0,48.5,-126.0,-125.5,48.25,-125.75,9,1,12.22,0.0,tanker
44.5,45.0,-88.5,-88.0,44.75,-88.25,8,1,0.01,100.0,tug/tow
28.0,28.5,-91.0,-90.5,28.25,-90.75,8,1,11.57,0.0,other
33.5,34.0,-119.0,-118.5,33.75,-118.75,8,1,8.58,0.0,sailing
39.0,39.5,-74.0,-73.5,39.25,-73.75,8,2,5.6,0.0,fishing
33.0,33.5,-77.5,-77.0,33.25,-77.25,8,1,12.91,0.0,cargo
28.0,28.5,-80.0,-79.5,28.25,-79.75,8,1,9.14,0.0,sailing
47.0,47.5,-123.5,-123.0,47.25,-123.25,8,2,0.0,100.0,other
28.0,28.5,-86.0,-85.5,28.25,-85.75,8,1,7.92,0.0,cargo
32.5,33.0,-79.5,-79.0,32.75,-79.25,8,2,0.16,100.0,cargo
41.0,41.5,-67.5,-67.0,41.25,-67.25,8,1,14.0,0.0,cargo
20.0,20.5,-155.5,-155.0,20.25,-155.25,8,1,8.24,0.0,tug/tow
19.5,20.0,-155.5,-155.0,19.75,-155.25,7,1,8.0,0.0,tug/tow
40.0,40.5,-70.0,-69.5,40.25,-69.75,7,1,11.53,0.0,tanker
27.5,28.0,-93.0,-92.5,27.75,-92.75,7,2,4.57,0.0,tanker
43.0,43.5,-125.0,-124.5,43.25,-124.75,7,1,7.3,0.0,fishing
18.0,18.5,-63.5,-63.0,18.25,-63.25,7,2,8.41,14.3,passenger
43.0,43.5,-68.0,-67.5,43.25,-67.75,7,1,11.01,0.0,tanker
27.5,28.0,-84.5,-84.0,27.75,-84.25,7,2,3.94,0.0,other
37.5,38.0,-77.0,-76.5,37.75,-76.75,7,2,0.03,100.0,sailing
29.0,29.5,-81.5,-81.0,29.25,-81.25,7,4,0.06,100.0,sailing
42.0,42.5,-81.5,-81.0,42.25,-81.25,7,1,6.89,0.0,cargo
19.0,19.5,-66.0,-65.5,19.25,-65.75,7,1,7.86,0.0,sailing
25.5,26.0,-88.0,-87.5,25.75,-87.75,7,1,14.06,0.0,tanker
24.0,24.5,-80.5,-80.0,24.25,-80.25,7,1,15.84,0.0,cargo
37.0,37.5,-123.0,-122.5,37.25,-122.75,7,2,1.73,42.9,other
25.0,25.5,-81.0,-80.5,25.25,-80.75,7,2,0.0,100.0,sailing
25.5,26.0,-86.5,-86.0,25.75,-86.25,7,1,22.16,0.0,passenger
41.0,41.5,-68.0,-67.5,41.25,-67.75,6,1,9.5,0.0,cargo
25.0,25.5,-82.0,-81.5,25.25,-81.75,6,1,33.12,0.0,passenger
38.5,39.0,-74.0,-73.5,38.75,-73.75,6,1,9.87,0.0,cargo
18.5,19.0,-68.5,-68.0,18.75,-68.25,6,2,5.92,16.7,sailing
20.0,20.5,-64.5,-64.0,20.25,-64.25,6,1,16.88,0.0,cargo
24.0,24.5,-83.5,-83.0,24.25,-83.25,6,1,13.9,0.0,tanker
40.0,40.5,-68.5,-68.0,40.25,-68.25,6,1,11.5,0.0,cargo
47.5,48.0,-87.5,-87.0,47.75,-87.25,5,1,12.34,0.0,cargo
36.0,36.5,-76.0,-75.5,36.25,-75.75,5,1,0.02,100.0,sailing
33.5,34.0,-76.0,-75.5,33.75,-75.75,5,1,23.06,0.0,cargo
27.5,28.0,-96.0,-95.5,27.75,-95.75,5,1,0.0,100.0,tanker
28.5,29.0,-91.0,-90.5,28.75,-90.75,5,2,0.24,100.0,cargo
47.0,47.5,-91.5,-91.0,47.25,-91.25,5,1,0.02,100.0,tug/tow
43.5,44.0,-84.0,-83.5,43.75,-83.75,5,1,0.94,80.0,sailing
31.0,31.5,-79.0,-78.5,31.25,-78.75,5,1,16.94,0.0,cargo
27.0,27.5,-90.5,-90.0,27.25,-90.25,5,3,0.04,100.0,other
27.0,27.5,-89.0,-88.5,27.25,-88.75,5,1,11.72,0.0,cargo
17.5,18.0,-69.0,-68.5,17.75,-68.75,5,1,19.18,0.0,cargo
43.5,44.0,-68.0,-67.5,43.75,-67.75,5,1,7.72,0.0,fishing
29.0,29.5,-80.0,-79.5,29.25,-79.75,5,1,2.6,0.0,cargo
40.5,41.0,-81.0,-80.5,40.75,-80.75,5,1,0.0,100.0,tug/tow
19.0,19.5,-68.5,-68.0,19.25,-68.25,5,1,10.12,0.0,cargo
28.5,29.0,-88.5,-88.0,28.75,-88.25,5,1,0.34,100.0,cargo
48.5,49.0,-127.0,-126.5,48.75,-126.75,5,2,8.2,0.0,cargo
35.0,35.5,-76.5,-76.0,35.25,-76.25,5,2,1.7,80.0,sailing
19.5,20.0,-70.0,-69.5,19.75,-69.75,5,1,11.86,0.0,cargo
42.0,42.5,-81.0,-80.5,42.25,-80.75,5,1,6.9,0.0,cargo
27.5,28.0,-91.5,-91.0,27.75,-91.25,4,1,0.0,100.0,other
37.0,37.5,-75.5,-75.0,37.25,-75.25,4,1,6.97,0.0,other
19.0,19.5,-159.5,-159.0,19.25,-159.25,4,1,6.9,0.0,tanker
25.5,26.0,-78.0,-77.5,25.75,-77.75,4,1,19.48,0.0,passenger
37.0,37.5,-122.5,-122.0,37.25,-122.25,4,1,0.0,100.0,sailing
25.0,25.5,-81.5,-81.0,25.25,-81.25,4,1,0.1,100.0,sailing
43.5,44.0,-82.0,-81.5,43.75,-81.75,4,1,0.0,100.0,other
36.5,37.0,-122.5,-122.0,36.75,-122.25,4,3,0.0,100.0,sailing
33.0,33.5,-80.0,-79.5,33.25,-79.75,4,1,0.0,100.0,sailing
29.0,29.5,-88.0,-87.5,29.25,-87.75,4,1,0.17,100.0,cargo
48.0,48.5,-89.5,-89.0,48.25,-89.25,4,2,0.0,100.0,cargo
35.5,36.0,-74.5,-74.0,35.75,-74.25,4,1,12.57,0.0,cargo
48.5,49.0,-126.0,-125.5,48.75,-125.75,4,2,0.0,100.0,fishing
38.5,39.0,-91.0,-90.5,38.75,-90.75,4,2,4.85,0.0,other
38.0,38.5,-77.5,-77.0,38.25,-77.25,4,1,0.0,100.0,sailing
43.0,43.5,-77.0,-76.5,43.25,-76.75,4,1,0.0,100.0,fishing
49.0,49.5,-125.0,-124.5,49.25,-124.75,4,1,0.0,100.0,passenger
43.5,44.0,-125.0,-124.5,43.75,-124.75,4,1,7.4,0.0,fishing
42.5,43.0,-83.0,-82.5,42.75,-82.75,4,1,11.23,0.0,cargo
25.5,26.0,-84.0,-83.5,25.75,-83.75,3,1,11.77,0.0,cargo
16.5,17.0,-66.5,-66.0,16.75,-66.25,3,1,3.17,0.0,fishing
49.0,49.5,-126.5,-126.0,49.25,-126.25,3,1,0.2,100.0,other
29.0,29.5,-87.5,-87.0,29.25,-87.25,3,1,12.83,0.0,cargo
26.5,27.0,-82.0,-81.5,26.75,-81.75,3,1,0.0,100.0,passenger
48.5,49.0,-126.5,-126.0,48.75,-126.25,3,1,4.47,0.0,fishing
30.5,31.0,-86.5,-86.0,30.75,-86.25,3,1,0.0,100.0,sailing
27.5,28.0,-92.5,-92.0,27.75,-92.25,3,1,13.07,0.0,tug/tow
48.0,48.5,-126.5,-126.0,48.25,-126.25,3,1,1.57,66.7,fishing
42.5,43.0,-68.0,-67.5,42.75,-67.75,3,2,6.73,0.0,fishing
40.0,40.5,-67.5,-67.0,40.25,-67.25,3,1,11.63,0.0,cargo
28.5,29.0,-91.5,-91.0,28.75,-91.25,3,1,0.0,100.0,other
27.0,27.5,-79.5,-79.0,27.25,-79.25,3,2,14.6,0.0,cargo
44.0,44.5,-68.5,-68.0,44.25,-68.25,3,1,0.0,100.0,other
49.5,50.0,-124.0,-123.5,49.75,-123.75,3,1,0.0,100.0,fishing
31.0,31.5,-82.0,-81.5,31.25,-81.75,3,1,0.0,100.0,sailing
25.5,26.0,-95.5,-95.0,25.75,-95.25,3,1,9.23,0.0,tanker
26.5,27.0,-88.5,-88.0,26.75,-88.25,3,1,10.5,0.0,cargo
26.0,26.5,-79.5,-79.0,26.25,-79.25,3,1,0.7,100.0,tanker
17.0,17.5,-67.0,-66.5,17.25,-66.75,3,1,9.73,0.0,tanker
30.5,31.0,-81.0,-80.5,30.75,-80.75,2,1,9.65,0.0,sailing
23.5,24.0,-83.0,-82.5,23.75,-82.75,2,1,10.55,0.0,tanker
37.5,38.0,-122.0,-121.5,37.75,-121.75,2,1,0.1,100.0,sailing
25.0,25.5,-83.5,-83.0,25.25,-83.25,2,1,11.6,0.0,cargo
31.5,32.0,-117.5,-117.0,31.75,-117.25,2,1,6.75,0.0,tanker
30.5,31.0,-79.0,-78.5,30.75,-78.75,2,1,14.3,0.0,cargo
44.5,45.0,-86.0,-85.5,44.75,-85.75,2,1,0.0,100.0,passenger
25.5,26.0,-85.0,-84.5,25.75,-84.75,2,1,13.75,0.0,tanker
28.0,28.5,-84.0,-83.5,28.25,-83.75,2,1,12.6,0.0,other
27.0,27.5,-91.0,-90.5,27.25,-90.75,2,2,0.1,100.0,other
26.0,26.5,-79.0,-78.5,26.25,-78.75,2,1,21.45,0.0,passenger
28.5,29.0,-84.0,-83.5,28.75,-83.75,2,1,6.5,0.0,sailing
26.0,26.5,-93.0,-92.5,26.25,-92.75,2,1,13.7,0.0,tanker
27.5,28.0,-85.0,-84.5,27.75,-84.75,2,1,9.9,0.0,other
39.5,40.0,-73.0,-72.5,39.75,-72.75,2,1,8.75,0.0,tanker
46.5,47.0,-124.0,-123.5,46.75,-123.75,2,1,0.0,0.0,other
35.5,36.0,-77.0,-76.5,35.75,-76.75,2,1,0.0,100.0,sailing
23.5,24.0,-83.5,-83.0,23.75,-83.25,2,1,16.25,0.0,tanker
48.0,48.5,-127.0,-126.5,48.25,-126.75,2,1,8.05,0.0,other
42.0,42.5,-87.0,-86.5,42.25,-86.75,2,1,7.6,0.0,other
38.0,38.5,-82.0,-81.5,38.25,-81.75,1,1,0.0,100.0,other
26.5,27.0,-79.5,-79.0,26.75,-79.25,1,1,13.2,0.0,tanker
26.0,26.5,-95.0,-94.5,26.25,-94.75,1,1,0.0,100.0,other
40.0,40.5,-68.0,-67.5,40.25,-67.75,1,1,11.4,0.0,cargo
27.5,28.0,-92.0,-91.5,27.75,-91.75,1,1,14.6,0.0,cargo
30.0,30.5,-117.5,-117.0,30.25,-117.25,1,1,10.3,0.0,tanker
50.0,50.5,-125.5,-125.0,50.25,-125.25,1,1,12.6,0.0,passenger
27.0,27.5,-96.5,-96.0,27.25,-96.25,1,1,11.0,0.0,tanker
28.5,29.0,-86.0,-85.5,28.75,-85.75,1,1,10.9,0.0,tug/tow
23.5,24.0,-81.5,-81.0,23.75,-81.25,1,1,11.3,0.0,cargo
26.5,27.0,-80.0,-79.5,26.75,-79.75,1,1,8.8,0.0,passenger
27.5,28.0,-90.5,-90.0,27.75,-90.25,1,1,9.2,0.0,cargo
41.0,41.5,-68.5,-68.0,41.25,-68.25,1,1,6.5,0.0,fishing
28.5,29.0,-86.5,-86.0,28.75,-86.25,1,1,10.2,0.0,cargo
25.5,26.0,-83.0,-82.5,25.75,-82.75,1,1,5.6,0.0,other
18.0,18.5,-70.5,-70.0,18.25,-70.25,1,1,0.1,100.0,cargo
24.5,25.0,-81.5,-81.0,24.75,-81.25,1,1,0.1,100.0,sailing
18.0,18.5,-69.5,-69.0,18.25,-69.25,1,1,0.0,100.0,cargo
25.5,26.0,-93.0,-92.5,25.75,-92.75,1,1,12.5,0.0,tanker
15.5,16.0,-65.5,-65.0,15.75,-65.25,1,1,11.7,0.0,cargo
27.5,28.0,-88.0,-87.5,27.75,-87.75,1,1,12.1,0.0,other
24.0,24.5,-87.5,-87.0,24.25,-87.25,1,1,11.7,0.0,tanker
43.5,44.0,-69.5,-69.0,43.75,-69.25,1,1,0.0,100.0,fishing
17.0,17.5,-70.5,-70.0,17.25,-70.25,1,1,1.9,0.0,cargo
31.5,32.0,-117.0,-116.5,31.75,-116.75,1,1,0.0,100.0,cargo
17.5,18.0,-63.5,-63.0,17.75,-63.25,1,1,10.5,0.0,tanker
28.0,28.5,-94.0,-93.5,28.25,-93.75,1,1,0.1,100.0,cargo
26.0,26.5,-89.5,-89.0,26.25,-89.25,1,1,10.8,0.0,tanker
28.5,29.0,-92.0,-91.5,28.75,-91.75,1,1,0.1,100.0,other
36.0,36.5,-74.5,-74.0,36.25,-74.25,1,1,12.5,0.0,tanker
30.0,30.5,-80.5,-80.0,30.25,-80.25,1,1,15.4,0.0,cargo
41.0,41.5,-71.5,-71.0,41.25,-71.25,1,1,0.3,100.0,cargo
45.5,46.0,-126.0,-125.5,45.75,-125.75,1,1,13.3,0.0,cargo
44.5,45.0,-67.0,-66.5,44.75,-66.75,1,1,14.4,0.0,passenger
43.5,44.0,-76.5,-76.0,43.75,-76.25,1,1,14.3,0.0,tanker
25.0,25.5,-84.0,-83.5,25.25,-83.75,1,1,11.8,0.0,cargo
24.5,25.0,-83.5,-83.0,24.75,-83.25,1,1,13.9,0.0,tanker
28.0,28.5,-93.5,-93.0,28.25,-93.25,1,1,13.3,0.0,tanker
25.0,25.5,-82.5,-82.0,25.25,-82.25,1,1,3.1,0.0,fishing
43.5,44.0,-78.5,-78.0,43.75,-78.25,1,1,11.9,0.0,cargo
