imo_number,ship_name,ship_type,total_co2_emissions,ais_point_count,avg_speed,unique_days_active
9222493,THOR INTEGRITY,Bulk carrier,946.45,4,0.0,1
9257199,SAKARYA,Bulk carrier,528.78,5,0.0,1
9285079,KANG SHUN,Bulk carrier,0.0,3,0.0,1
9291391,THOR MAXIMUS,Bulk carrier,3530.38,5,11.8,1
9317092,BULK FREEDOM,Bulk carrier,3098.53,3,0.0,1
9317119,NEWSEAS AMBER,Bulk carrier,0.0,4,0.0,1
9320996,TIRYANDAFIL,Bulk carrier,3770.12,4,0.0,1
9326275,ZOI XL,Bulk carrier,4291.64,11,10.17,1
9346823,POMORZE,Bulk carrier,5341.74,5,0.0,1
9361237,STAR NASIA,Bulk carrier,0.0,5,0.0,1
9362229,POSEIDON VENTURE,Bulk carrier,6094.41,12,12.24,1
9376309,GEMINI,Bulk carrier,4259.12,13,13.09,1
9394753,MANOUSOS P,Bulk carrier,0.0,4,0.0,1
9396206,YASA UNSAL SUNAR,Bulk carrier,2005.18,5,0.0,1
9406099,CLIPPER TARPON,Bulk carrier,0.0,5,0.0,1
9423786,KURPIE,Bulk carrier,7366.02,5,0.0,1
9425813,AETOLIA,Bulk carrier,3119.48,5,0.0,1
9426245,BULK COLOMBIA,Bulk carrier,1632.67,5,0.0,1
9433664,ERENA,Bulk carrier,,11,9.78,1
9453248,OCEAN KNIGHT,Bulk carrier,5485.99,14,11.39,1
9455650,BREEZE,Bulk carrier,2333.21,4,0.0,1
9455911,CLIPPER CLYDE,Bulk carrier,5773.34,4,0.0,1
9474797,THOR BRAVE,Bulk carrier,5217.92,5,0.04,1
9476939,LUGANO STAR,Bulk carrier,0.0,5,0.06,1
9478585,KEY OHANA,Bulk carrier,2435.02,4,0.0,1
9487627,ATHINA L,Bulk carrier,16254.46,4,0.1,1
9490480,ANGLO JESSICA,Bulk carrier,4293.64,12,1.78,1
9494747,NAVI LYRA,Bulk carrier,2664.0,14,12.42,1
9502740,ANGELS SPIRIT,Bulk carrier,0.0,13,8.9,1
9507893,KNIGHTSHIP,Bulk carrier,8719.19,4,0.0,1
9512331,NBA MAGRITTE,Bulk carrier,4762.31,1,11.5,1
9523201,YUN LONG FENG,Bulk carrier,0.0,5,0.0,1
9527958,AMIRA SAHAR,Bulk carrier,,3,11.3,1
9528158,DK IONE,Bulk carrier,,13,13.25,1
9533347,MANDARIN PHOENIX,Bulk carrier,5038.46,11,12.78,1
9545053,HOPE,Bulk carrier,1627.88,4,0.0,1
9552329,SUPREME VALOR,Bulk carrier,0.0,4,0.08,1
9558244,ATLANTIC ELM,Bulk carrier,5538.71,10,0.4,1
9561801,ARKI,Bulk carrier,2203.18,11,10.62,1
9566813,DART TRADER,Bulk carrier,23.66,6,0.0,1
9580106,UNION GROOVE,Bulk carrier,,4,0.0,1
9583184,AM CONTRECOEUR,Bulk carrier,2375.94,11,11.66,1
9588380,MESHKA,Bulk carrier,1404.83,2,11.6,1
9590826,CAPE XL,Bulk carrier,9457.02,4,0.0,1
9591686,DARYA GAYATRI,Bulk carrier,10.9,4,0.0,1
9593323,MAPLE HARBOUR,Bulk carrier,,3,0.07,1
9593402,PANTHER MAX,Bulk carrier,6353.76,3,0.0,1
9595682,RUI NING 20,Bulk carrier,2338.93,12,8.33,1
9602435,CYMONA PROGRESS,Bulk carrier,0.0,6,0.1,1
9604952,VENUS HORIZON,Bulk carrier,0.0,13,10.5,1
9612296,SAFEEN AL NASR,Bulk carrier,2482.86,4,0.08,1
9614385,CENTURY ROYAL,Bulk carrier,337.33,4,0.0,1
9615121,YUE DIAN 102,Bulk carrier,0.0,1,11.7,1
9615676,SFL KATE,Bulk carrier,4629.9,4,0.0,1
9615743,CLIFTON BAY,Bulk carrier,4288.63,12,10.76,1
9620994,ATLANTIS TRADE,Bulk carrier,1440.11,6,0.0,1
9621405,PAN ENERGEN,Bulk carrier,,4,0.03,1
9623647,DARLEAKAY,Bulk carrier,2694.77,3,0.0,1
9626730,GLOBAL LAGUNA,Bulk carrier,3806.36,5,0.0,1
9636383,KEN BREEZE,Bulk carrier,6358.49,6,0.03,1
9638135,ALDA,Bulk carrier,,5,11.86,1
9641338,OCEANBEAUTY,Bulk carrier,3151.05,5,0.02,1
9660061,CS JADEN,Bulk carrier,4272.67,5,0.0,1
9665700,ID PIONEER,Bulk carrier,1857.7,14,9.14,1
9668910,COOPER ISLAND,Bulk carrier,2020.56,6,0.0,1
9669407,SYMI,Bulk carrier,5276.37,9,0.01,1
9669976,AHSOKA,Bulk carrier,2217.75,5,0.0,1
9671101,FEDERAL CEDAR,Bulk carrier,1330.81,2,0.0,1
9682760,AFRICAN LARK,Bulk carrier,2962.58,12,8.53,1
9682863,BULK POLAND,Bulk carrier,8911.85,5,0.0,1
9683128,BULK BEQUIA,Bulk carrier,2546.67,4,0.0,1
9687095,BIWA ARROW,Bulk carrier,5830.58,6,0.05,1
9689902,STRATEGIC EQUITY,Bulk carrier,9112.48,8,12.58,1
9693290,RANA,Bulk carrier,3035.76,5,0.0,1
9696840,JASMUND,Bulk carrier,3427.34,4,0.15,1
9698238,TROODOS SUN,Bulk carrier,7932.62,12,10.43,1
9702778,ULTRA COUGAR,Bulk carrier,4360.49,11,9.93,1
9707742,SILVERFJORD,Bulk carrier,7203.69,4,0.0,1
9708045,LEGIONY POLSKIE,Bulk carrier,5962.19,1,11.3,1
9711731,TOMINI SOLANO,Bulk carrier,1356.38,5,0.06,1
9711767,URSA MINOR,Bulk carrier,1357.5,5,0.0,1
9712979,ASTRO REGULUS,Bulk carrier,955.39,4,0.0,1
9714783,TOMINI LEVANT,Bulk carrier,489.7,4,0.0,1
9715440,PENEY,Bulk carrier,5065.34,5,0.06,1
9719939,KSL SANTOS,Bulk carrier,3784.65,3,0.0,1
9723631,PERSEUS,Bulk carrier,2619.83,5,0.0,1
9725445,FEDERAL TOKORO,Bulk carrier,3530.12,5,0.0,1
9726047,UNITY DISCOVERY,Bulk carrier,3564.83,5,0.0,1
9726841,CENTURY EMERALD,Bulk carrier,1492.93,5,0.02,1
9727508,DRAWNO,Bulk carrier,5382.54,4,0.0,1
9727510,KARLINO,Bulk carrier,6061.1,12,9.96,1
9727637,FENG DE HAI,Bulk carrier,3557.17,4,0.0,1
9727974,FLAG METTE,Bulk carrier,13377.88,4,0.0,1
9731822,PEAK MATTERHORN,Bulk carrier,4819.13,5,0.0,1
9738026,EVMAR,Bulk carrier,5917.73,4,0.08,1
9739082,CALOBRA,Bulk carrier,3806.73,11,12.82,1
9741865,NORDTAJO,Bulk carrier,3191.56,5,0.0,1
9743588,SHANGHAI EAGLE,Bulk carrier,1914.06,12,9.2,1
9748801,SHANDONG FU YI,Bulk carrier,3340.89,4,0.0,1
9753296,NINGHAI,Bulk carrier,4599.39,5,0.1,1
9758741,MEGHNA VISION,Bulk carrier,3749.78,6,0.0,1
9761231,NY TRADER III,Bulk carrier,0.0,8,11.96,1
9766358,SEA FALCON,Bulk carrier,2488.87,4,0.0,1
9767778,NORD CHESAPEAKE,Bulk carrier,1496.98,5,0.0,1
9771482,BRIGHTEN TRADER,Bulk carrier,3845.23,6,0.0,1
9780990,AMIS POWER,Bulk carrier,1831.8,4,0.0,1
9801196,MONDIAL COSMOS,Bulk carrier,2189.0,5,0.08,1
9811048,ULTRA LYNX,Bulk carrier,1913.49,4,0.0,1
9826433,WOOYANG ARES,Bulk carrier,,13,11.85,1
9835965,INTERCEPTOR,Bulk carrier,0.0,1,0.0,1
9840673,OCEAN LEGEND,Bulk carrier,4237.14,12,11.92,1
9845257,JY LAKE,Bulk carrier,3655.52,4,0.0,1
9845269,JY RIVER,Bulk carrier,2912.82,5,0.02,1
9845817,LEM GLADIOLUS,Bulk carrier,2989.0,5,11.72,1
9849904,GOLDEN FREEZE,Bulk carrier,14257.12,5,0.0,1
9852731,JORITA,Bulk carrier,8128.83,3,0.0,1
9855848,PAN ORION,Bulk carrier,,5,0.02,1
9856311,GOLDEN TRADER,Bulk carrier,7688.53,11,11.47,1
9860271,KANGTING,Bulk carrier,74.93,5,0.0,1
9860403,WORLD PRIZE,Bulk carrier,2931.28,5,0.0,1
9865348,ATLANTIC SAKURA,Bulk carrier,652.17,4,0.0,1
9874648,GW ELENI,Bulk carrier,54.52,5,0.06,1
9875006,MARIO,Bulk carrier,2482.99,5,0.1,1
9878151,ENERGY COSMOS,Bulk carrier,0.0,3,0.0,1
9880245,GCL ICON,Bulk carrier,9936.53,5,0.0,1
9883508,PACIFIC WIND,Bulk carrier,0.0,5,0.02,1
9884966,NORDIC NULUUJAAK,Bulk carrier,21871.57,4,0.0,1
9888015,ETG SOUTHERN CROSS,Bulk carrier,6315.76,5,0.02,1
9890862,ROMY,Bulk carrier,5257.68,4,0.0,1
9894715,BUNUN TREASURE,Bulk carrier,3332.19,9,12.39,1
9897975,LIGNUM GRID,Bulk carrier,3124.09,5,0.0,1
9905253,NORSE IJMUIDEN,Bulk carrier,4447.2,6,0.0,1
9909053,NAVIOS AMITIE,Bulk carrier,,4,0.1,1
9919656,ROYAL,Bulk carrier,3379.27,4,0.08,1
9922005,EPIC HARMONY,Bulk carrier,5713.9,4,0.0,1
9926726,GCL HAZIRA,Bulk carrier,11119.71,4,0.0,1
9927005,NORSE SAVANNAH,Bulk carrier,2933.76,4,0.08,1
9929015,BBG HONG KONG,Bulk carrier,93.45,5,0.0,1
9933236,MAMA SARA,Bulk carrier,9685.66,5,0.0,1
9936783,DIAMOND TRADER,Bulk carrier,0.0,5,0.02,1
9943243,KYTHIRA,Bulk carrier,2827.37,5,0.0,1
9943554,NORSE MOBILE,Bulk carrier,7668.61,5,0.0,1
9949479,HYDRA,Bulk carrier,5400.57,3,0.0,1
9953339,CL CHENZHOU,Bulk carrier,6843.83,11,10.51,1
9969209,LOWLANDS LUCK,Bulk carrier,1212.81,5,0.0,1
9124471,STOLT PERSEVERANCE,Chemical tanker,4158.25,5,0.0,1
9143207,BOW FLORA,Chemical tanker,6311.08,13,8.12,1
9149524,STOLT SPAN,Chemical tanker,2541.1,4,0.0,1
9178202,STOLT EFFORT,Chemical tanker,6023.35,12,14.65,1
9187409,KIVALLIQ W.,Chemical tanker,2633.99,4,0.0,1
9215270,BOW SUMMER,Chemical tanker,11198.61,5,0.0,1
9215294,BOW SIRIUS,Chemical tanker,14580.96,4,0.0,1
9258155,GINGA SAKER,Chemical tanker,2766.77,3,0.0,1
9274305,STOLT VANGUARD,Chemical tanker,3986.81,2,0.0,1
9298739,GREAT EASTERN,Chemical tanker,1748.87,3,0.0,1
9352133,CARIBE LUNA,Chemical tanker,4052.93,3,0.0,1
9354894,SEAWAYS LILY,Chemical tanker,4855.34,5,0.0,1
9374521,STOLT PONDO,Chemical tanker,7487.98,2,13.75,1
9376660,STOLT QUETZAL,Chemical tanker,1967.54,5,0.0,1
9378371,FANTASIA,Chemical tanker,9049.01,4,11.53,1
9379131,CORDOBA,Chemical tanker,3149.59,3,0.0,1
9391529,OCEAN BREEZE,Chemical tanker,5540.41,13,12.44,1
9400394,TG CRAB,Chemical tanker,3832.88,6,0.0,1
9405320,GTM GERMANY,Chemical tanker,114.09,5,11.3,1
9405538,KINAROS,Chemical tanker,2595.33,13,13.2,1
9405540,KIMOLOS,Chemical tanker,3861.62,5,0.0,1
9416044,PRABHU LAL,Chemical tanker,2065.58,4,0.03,1
9416393,HONESTY,Chemical tanker,,5,0.08,1
9416824,ELECTA,Chemical tanker,7509.95,4,0.0,1
9421221,QIKIQTAALUK W.,Chemical tanker,2958.77,11,14.28,1
9426300,GINGA CARACAL,Chemical tanker,3045.46,13,10.98,1
9440514,PAG,Chemical tanker,2905.12,2,0.0,1
9447043,HULIN,Chemical tanker,8410.01,4,11.27,1
9458858,UACC SHAMIYA,Chemical tanker,3942.55,4,0.0,1
9470909,SEA LA BAMBA,Chemical tanker,4637.91,3,0.0,1
9473092,HARBOUR FEATURE,Chemical tanker,11743.08,14,9.62,1
9482562,ELANDRA BALTIC,Chemical tanker,9490.72,12,11.76,1
9506693,PS AUGUSTA,Chemical tanker,4541.47,5,0.0,1
9527623,MISSISSIPPI STAR,Chemical tanker,2643.83,12,9.8,1
9528134,DALMACIJA,Chemical tanker,3271.14,5,0.0,1
9565637,BOCHEM MUMBAI,Chemical tanker,946.63,5,0.38,1
9572757,HARBOUR PIONEER,Chemical tanker,11530.03,7,11.53,1
9629706,AMIRANTE,Chemical tanker,2669.38,4,0.0,1
9640140,CHEM ROTTERDAM,Chemical tanker,5173.78,5,0.0,1
9657478,FAIRCHEM SABRE,Chemical tanker,3070.58,4,0.0,1
9692155,NORD SWIFT,Chemical tanker,802.68,5,0.0,1
9705720,CHEM HOUSTON,Chemical tanker,4016.97,5,0.0,1
9705744,CHEM ALTAMIRA,Chemical tanker,9510.35,5,0.02,1
9707869,ARDMORE CHINOOK,Chemical tanker,6566.5,10,6.62,1
9712591,MTM PENANG,Chemical tanker,6633.7,11,11.98,1
9725861,HYDE PARK,Chemical tanker,8358.84,5,0.06,1
9731781,CHEM SAIPH,Chemical tanker,9747.03,2,0.0,1
9732797,CAROLE M,Chemical tanker,,12,12.41,1
9749350,LINUS P,Chemical tanker,4480.04,1,0.0,1
9749398,MTM NEW ORLEANS,Chemical tanker,1587.4,13,9.45,1
9749685,FAIRCHEM KATANA,Chemical tanker,1980.48,4,0.0,1
9752046,BOW HERCULES,Chemical tanker,10133.51,4,0.03,1
9753698,HAFNIA TOURMALINE,Chemical tanker,5006.02,1,0.0,1
9768746,MARITIME POLARIS,Chemical tanker,1076.32,4,0.0,1
9772034,PACIFIC SARAH,Chemical tanker,7209.01,5,0.0,1
9791195,FAIRCHEM VALOR,Chemical tanker,3173.23,4,12.58,1
9797383,STENA IMPERATOR,Chemical tanker,3287.17,13,12.82,1
9799032,ROSE PG,Chemical tanker,714.26,1,10.5,1
9801081,SC TAURUS,Chemical tanker,10186.66,5,0.0,1
9804825,INTERMEZZO,Chemical tanker,10901.03,5,0.0,1
9804899,PURPLE RAY,Chemical tanker,7207.79,5,0.0,1
9820427,CHEMICAL EXPLORER,Chemical tanker,9709.88,8,13.45,1
9829722,MAGENTA RAY,Chemical tanker,2571.61,4,0.0,1
9829760,GINGA HAMMERHEAD,Chemical tanker,4288.76,14,0.46,1
9833565,STI MARSHALL,Chemical tanker,1819.48,1,12.5,1
9833589,STI MAVERICK,Chemical tanker,8111.06,6,0.0,1
9838668,TEAL RAY,Chemical tanker,6698.67,13,10.1,1
9849291,CLEAROCEAN MARVEL,Chemical tanker,2139.34,3,0.0,1
9850202,TAKAROA SUN,Chemical tanker,1646.87,4,0.0,1
9853254,SEA ELEPHANT,Chemical tanker,3002.89,5,0.02,1
9867803,PACIFIC JADE,Chemical tanker,4383.57,3,0.0,1
9877585,ECO JOSHUA PARK,Chemical tanker,3807.38,4,0.0,1
9877822,COSMIC GLORY,Chemical tanker,4853.63,5,0.0,1
9883481,LILAC RAY,Chemical tanker,6085.0,1,0.1,1
9908346,FAIRCHEM PROTEA,Chemical tanker,1419.89,5,0.0,1
9940746,CHEMICAL RANGER,Chemical tanker,7567.26,5,0.06,1
9952177,BOW LION,Chemical tanker,4977.88,5,0.0,1
8715857,MSC SARISKA V,Container ship,20253.85,12,12.56,1
9143568,LONDON EXPRESS,Container ship,40099.17,2,0.0,1
9193240,MAERSK KENTUCKY,Container ship,44749.93,9,8.97,1
9200691,BRUSSELS,Container ship,46173.35,3,0.03,1
9221839,PORTO CHELI,Container ship,44919.92,5,0.0,1
9226920,MSC MARIANNA,Container ship,39008.87,5,0.04,1
9229300,MSC CATHERINE VI,Container ship,36226.17,12,0.11,1
9235555,MAERSK GIRONDE,Container ship,30397.71,5,0.02,1
9235579,MAERSK GARONNE,Container ship,35976.07,5,0.12,1
9243174,MIRADOR EXPRESS,Container ship,5155.33,13,8.21,1
9243186,ANTIBES EXPRESS,Container ship,24538.68,1,1.9,1
9278155,MSC NERISSA V,Container ship,4366.9,9,10.11,1
9279989,MSC STELLA,Container ship,29663.18,13,14.35,1
9290115,ONE ATLAS,Container ship,21674.65,12,17.04,1
9290282,MSC RACHELE,Container ship,32096.67,4,0.0,1
9294537,AS PENELOPE,Container ship,27330.37,8,14.0,1
9298686,MAERSK IOWA,Container ship,36081.32,4,0.0,1
9300805,OOCL EUROPE,Container ship,49603.58,5,0.08,1
9301433,CMA CGM MALTA,Container ship,24159.44,13,8.98,1
9302164,HUMEN BRIDGE,Container ship,51636.37,5,0.0,1
9303780,CMA CGM NAVEGANTES,Container ship,20120.28,12,12.83,1
9307059,MARCOS V,Container ship,15515.37,1,14.6,1
9311701,MAERSK KANSAS,Container ship,36162.92,13,13.38,1
9312810,NYK VIRGO,Container ship,38694.62,5,0.0,1
9312975,NYK OCEANUS,Container ship,35327.79,14,1.29,1
9318060,BELITA,Container ship,69743.99,9,13.34,1
9324875,NAVIOS INDIGO,Container ship,,13,12.62,1
9332987,MAERSK COLUMBUS,Container ship,59908.43,3,0.0,1
9333008,MAERSK HARTFORD,Container ship,59291.4,4,0.0,1
9337652,DELPHINUS C,Container ship,8611.52,13,14.16,1
9347542,HYUNDAI COURAGE,Container ship,,13,6.12,1
9347554,HYUNDAI FAITH,Container ship,,13,16.88,1
9349502,COLORADO EXPRESS,Container ship,29394.59,12,7.13,1
9349605,AGIOS DIMITRIOS,Container ship,16365.95,14,0.06,1
9399052,MSC EMANUELA,Container ship,35834.28,14,15.46,1
9399777,ROBIN 5,Container ship,,6,0.0,1
9399806,WINDSWEPT,Container ship,18635.45,13,9.78,1
9401075,MELINA,Container ship,31016.55,13,12.16,1
9440825,DUBAI EXPRESS,Container ship,1857.01,12,14.57,1
9447914,TORRENTE,Container ship,17743.48,13,16.32,1
9450363,NORTHERN JAMBOREE,Container ship,19124.34,6,0.0,1
9450624,CMA CGM DALILA,Container ship,46375.97,12,0.77,1
9472139,COSCO DEVELOPMENT,Container ship,26644.41,5,0.04,1
9472165,COSCO HOPE,Container ship,39458.79,3,11.63,1
9481532,HAMMONIA BALTICA,Container ship,16143.06,5,0.0,1
9535204,HUBERT SCHULTE,Container ship,32132.51,4,0.0,1
9569970,TUCAPEL,Container ship,8623.85,12,9.31,1
9606326,MSC ISTANBUL,Container ship,16363.01,4,0.0,1
9618317,MSC ATHOS,Container ship,43471.29,13,15.96,1
9619452,MSC ARICA,Container ship,41348.3,14,0.39,1
9694438,MAJESTIC,Container ship,9650.96,11,10.03,1
9695028,MSC SOFIA PAZ,Container ship,27456.51,12,8.49,1
9702077,MSC MELINE,Container ship,36879.71,6,0.0,1
9710426,MSC ANZU,Container ship,43568.16,12,11.64,1
9737462,TAMPA TRIUMPH,Container ship,60532.12,4,0.1,1
9777620,GUAYAQUIL EXPRESS,Container ship,43547.02,10,18.49,1
9778117,MSC NITYA B,Container ship,23878.59,5,0.0,1
9785457,MSC RAYSHMI,Container ship,48760.32,6,16.88,1
9848730,CAPE ALTIUS,Container ship,23425.07,11,17.59,1
9850800,EVER FAME,Container ship,21952.84,5,12.66,1
9859117,CMA CGM TENERE,Container ship,37005.03,4,0.0,1
9967952,ZIM AMBER,Container ship,22527.62,5,0.04,1
9437945,GRANDE SIERRA LEONE,Container/ro-ro cargo ship,35178.51,4,0.0,1
9670573,ATLANTIC STAR,Container/ro-ro cargo ship,14546.53,14,15.5,1
9670585,ATLANTIC SAIL,Container/ro-ro cargo ship,14976.45,13,9.85,1
9350599,SARV SHAKTI,Gas carrier,2729.89,5,0.0,1
9371684,GASCHEM CARIBIC,Gas carrier,8017.54,5,0.0,1
9553660,HAPPY PEREGRINE,Gas carrier,7750.64,4,0.0,1
9675066,HAPPY ALBATROSS,Gas carrier,6586.71,5,0.0,1
9682253,BALEARIC GAS,Gas carrier,10589.03,4,0.0,1
9685437,INEOS INGENUITY,Gas carrier,13829.81,3,0.0,1
9687502,KONTICH,Gas carrier,2963.25,14,11.62,1
9694385,ZITA SCHULTE,Gas carrier,5849.29,3,0.0,1
9699517,CLIPPER SATURN,Gas carrier,8961.04,12,13.87,1
9744776,GASCHEM DOLLART,Gas carrier,8243.03,1,10.8,1
9763045,MANTA ANADOLU,Gas carrier,7102.2,5,0.0,1
9798947,LADYBOWER,Gas carrier,0.0,5,0.0,1
9840879,VIVIT ALTAIS,Gas carrier,1676.59,14,11.59,1
9925679,INDIANAPOLIS,Gas carrier,4863.91,5,0.0,1
9929209,LUPINUS PLANET,Gas carrier,0.0,4,0.0,1
9932581,KAEDE,Gas carrier,3131.37,5,0.0,1
9935507,ENEOS WISDOM,Gas carrier,5451.99,6,0.0,1
9938523,LEGISLATOR,Gas carrier,7829.95,5,0.0,1
9007532,JACAMAR ARROW,General cargo ship,5847.36,5,0.0,1
9071557,STAR HERDLA,General cargo ship,4169.51,5,0.1,1
9071569,STAR HIDRA,General cargo ship,3666.05,4,0.18,1
9167318,SHORTHORN EXPRESS,General cargo ship,6943.39,4,0.0,1
9182978,STAR ISFJORD,General cargo ship,10993.22,6,0.0,1
9202510,SCHELDEGRACHT,General cargo ship,14626.25,4,0.0,1
9202522,SLUISGRACHT,General cargo ship,12360.73,13,0.0,1
9202558,SPAARNEGRACHT,General cargo ship,16337.21,15,16.6,1
9213959,INDUSTRIAL CHARGER,General cargo ship,673.37,4,0.0,1
9287340,UBC STAVANGER,General cargo ship,418.16,13,10.73,1
9303302,TAIGA DESGAGNES,General cargo ship,3525.61,4,0.0,1
9317406,SAGA ADVENTURE,General cargo ship,1703.61,14,11.29,1
9326342,NACC PROVIDENCE,General cargo ship,0.0,4,0.0,1
9371062,SAGA NAVIGATOR,General cargo ship,12370.83,12,11.0,1
9385063,IRMA S,General cargo ship,2391.65,11,8.41,1
9385075,EMERALD BAY,General cargo ship,2066.45,11,13.52,1
9401805,PANAMANA,General cargo ship,3701.98,5,0.0,1
9401831,DELTA PEARL,General cargo ship,2865.74,2,0.1,1
9401879,TAWA ARROW,General cargo ship,749.31,13,8.56,1
9401984,LAKE PEARL,General cargo ship,4859.86,6,0.0,1
9407586,BBC KIMBERLEY,General cargo ship,3900.93,7,15.84,1
9419319,FRASERBORG,General cargo ship,4410.9,12,10.48,1
9424558,PALMGRACHT,General cargo ship,4837.59,6,0.0,1
9426867,UBC SAGUNTO,General cargo ship,0.0,4,0.0,1
9435868,BBC HUDSON,General cargo ship,,3,0.0,1
9438573,ONEGO ELBE,General cargo ship,9059.37,4,0.0,1
9466312,ARAGONBORG,General cargo ship,5650.6,5,0.0,1
9468097,ANNIE,General cargo ship,4329.28,14,14.15,1
9491678,SSI MERAL HANIM,General cargo ship,2931.9,12,11.13,1
9496185,KERASIA S,General cargo ship,2249.45,5,0.0,1
9505572,WARNOWBORG,General cargo ship,986.63,4,0.0,1
9539365,CONDOR MAGALLANES,General cargo ship,6136.9,5,0.0,1
9551973,HAPPY DYNAMIC,General cargo ship,6120.31,8,13.52,1
9586435,NACC ALICUDI,General cargo ship,4188.72,12,9.42,1
9593880,STAR LOUISIANA,General cargo ship,8705.28,5,0.0,1
9600592,NACC POROS,General cargo ship,0.0,4,0.0,1
9605085,GULLHOLMEN ISLAND,General cargo ship,2020.61,5,0.0,1
9613288,ARBORELLA,General cargo ship,,5,0.0,1
9625592,DEVBULK DEMET,General cargo ship,3756.43,5,0.02,1
9659749,CANADA PEARL,General cargo ship,2160.44,5,0.0,1
9671436,EEMSLIFT NADINE,General cargo ship,3048.17,5,0.0,1
9673197,HOSEI SAKURA,General cargo ship,2779.8,12,0.59,1
9701059,KULTUS COVE,General cargo ship,4200.84,11,12.32,1
9810355,INDUSTRIAL COLOR,General cargo ship,143.31,4,0.0,1
9973420,LAYLA,General cargo ship,4904.33,5,0.0,1
9326603,IBERICA KNUTSEN,LNG carrier,66119.59,14,12.33,1
9342487,SEAPEAK MAGELLAN,LNG carrier,24781.62,5,18.54,1
9627502,MARAN GAS LINDOS,LNG carrier,8054.5,12,10.98,1
9692002,LNG BONNY II,LNG carrier,17274.78,3,0.0,1
9742819,CASTILLO DE CALDELAS,LNG carrier,76772.32,4,19.75,1
9758844,ENERGY UNIVERSE,LNG carrier,11960.41,4,0.0,1
9759240,MARVEL EAGLE,LNG carrier,5267.98,4,0.0,1
9854612,ENERGY PACIFIC,LNG carrier,25015.59,14,14.76,1
9876737,GASLOG WINCHESTER,LNG carrier,5641.08,5,0.0,1
9902902,SM ALBATROSS,LNG carrier,,4,0.0,1
9904651,PRISM DIVERSITY,LNG carrier,,4,0.0,1
9922988,GRAZYNA GESICKA,LNG carrier,21892.62,2,16.25,1
9285861,MINERVA IRIS,Oil tanker,2276.45,5,0.0,1
9301732,ICE ENERGY,Oil tanker,0.0,5,0.0,1
9301744,ICE VICTORY,Oil tanker,0.0,14,11.59,1
9312858,GALWAY SPIRIT,Oil tanker,5196.49,5,0.0,1
9316244,RADIANT SEA,Oil tanker,2964.93,4,0.0,1
9326914,TORM ADVENTURER,Oil tanker,6120.42,13,11.97,1
9341433,OM SINGAPORE,Oil tanker,5087.43,13,12.68,1
9341940,PELAGIC TOPE,Oil tanker,0.0,5,0.0,1
9346859,SEA FALCON,Oil tanker,7375.51,1,11.7,1
9346885,MARE NOSTRUM,Oil tanker,12417.49,5,0.02,1
9351426,HELLESPONT PROGRESS,Oil tanker,6185.1,5,0.0,1
9351438,HELLESPONT PROMISE,Oil tanker,11327.61,4,0.0,1
9358955,SEA TIGER I,Oil tanker,,4,0.0,1
9380582,STONE I,Oil tanker,,4,0.0,1
9382970,WORLD HARMONY,Oil tanker,4430.74,5,0.0,1
9384564,RED SUN,Oil tanker,14835.28,14,8.36,1
9399612,ETC NEFERTARI,Oil tanker,1609.75,3,0.1,1
9402237,DOLPHIN PEARL,Oil tanker,6304.86,5,0.02,1
9402914,MARAN PENELOPE,Oil tanker,14500.49,7,14.06,1
9405899,MERSINI,Oil tanker,4809.39,5,0.0,1
9410882,KALAHARI,Oil tanker,0.0,5,0.0,1
9411953,BALTIC LOYALTY,Oil tanker,35181.66,1,13.2,1
9417012,EAGLE KUANTAN,Oil tanker,7213.06,9,12.04,1
9418145,STRENGTH,Oil tanker,1816.27,13,0.0,1
9420643,DREPANOS,Oil tanker,15462.33,4,0.0,1
9423449,SEAPIKE,Oil tanker,6464.2,3,0.0,1
9427471,JASMIN JOY,Oil tanker,0.0,2,0.0,1
9427641,TAHOE SPIRIT,Oil tanker,13392.39,4,0.1,1
9429182,BLUE PRINCE,Oil tanker,22294.26,5,0.0,1
9443164,TORM MALAYSIA,Oil tanker,3197.36,5,0.0,1
9460136,P. ALIKI,Oil tanker,20315.31,13,5.03,1
9462926,DECATHLON,Oil tanker,40501.97,4,0.0,1
9465992,TORM AGNES,Oil tanker,2880.57,5,0.02,1
9471329,FLAGSHIP SAGE,Oil tanker,3263.66,2,0.0,1
9478717,ALPINE LIGHT,Oil tanker,8276.59,11,7.45,1
9482603,PHOENIX ADMIRAL,Oil tanker,2959.53,2,8.75,1
9500728,AS SUWAYQ,Oil tanker,14178.86,5,0.12,1
9512185,PACCHA,Oil tanker,1338.92,2,0.0,1
9534004,CYAN NOVA,Oil tanker,45672.47,2,0.0,1
9534054,CELESTE NOVA,Oil tanker,30935.98,12,0.51,1
9543550,TORM ANABEL,Oil tanker,5490.79,3,0.0,1
9547506,ELEGANT VOYAGER,Oil tanker,13549.19,4,0.0,1
9547673,CASTRO ALVES,Oil tanker,4274.4,3,0.0,1
9561370,VELOS FORZA,Oil tanker,1990.91,2,13.7,1
9573696,PACIFIC QUARTZ,Oil tanker,7278.06,1,0.0,1
9578634,BARCELONA SPIRIT,Oil tanker,6529.61,5,0.06,1
9593012,SFL OTTAWA,Oil tanker,21576.1,2,0.0,1
9594755,SEAWAYS SABINE,Oil tanker,12912.74,4,0.0,1
9629964,MRC LIVA,Oil tanker,11970.65,5,0.0,1
9645401,TP AFFINITY,Oil tanker,19920.83,5,0.0,1
9657038,NAVE JUPITER,Oil tanker,,4,0.05,1
9658379,JAG PRIYANKA,Oil tanker,3888.82,6,0.0,1
9681118,STI MERAUX,Oil tanker,2981.94,4,0.0,1
9683001,KMARIN  RESPECT,Oil tanker,17118.71,13,11.54,1
9688415,HAFNIA ANDREA,Oil tanker,4964.31,4,0.0,1
9704465,STI PONTIAC,Oil tanker,5738.65,13,10.65,1
9706396,NEW MERIT,Oil tanker,10922.93,5,0.1,1
9708150,STI LOMBARD,Oil tanker,20284.81,3,0.47,1
9708514,NEW CONSTANT,Oil tanker,13277.11,3,0.0,1
9718088,CL XUNYANG,Oil tanker,4844.28,4,0.0,1
9718856,SILVER MUNA,Oil tanker,1247.36,12,13.58,1
9718870,SILVER HEBA,Oil tanker,733.14,5,0.3,1
9722596,STI JERMYN,Oil tanker,32023.69,12,7.28,1
9724087,THOMAS ZAFIRAS,Oil tanker,6442.77,5,0.0,1
9740330,NAVIGARE TERRA MATER,Oil tanker,13312.95,10,12.55,1
9743186,FRONT CRYSTAL,Oil tanker,15839.82,5,1.12,1
9766310,SONANGOL CAZENGA,Oil tanker,7818.46,12,12.58,1
9779537,SEAWAYS MONTAUK,Oil tanker,23751.58,14,7.56,1
9779745,DA MING SHAN,Oil tanker,5756.74,3,0.0,1
9785823,MONTE UDALA,Oil tanker,35462.98,4,0.0,1
9792486,ELANDRA FALCON,Oil tanker,13258.23,4,0.13,1
9792852,HAI SHANG,Oil tanker,6154.14,5,0.08,1
9793387,ORIENT INNOVATION,Oil tanker,6939.6,5,0.0,1
9796731,FRANKOPAN,Oil tanker,9263.02,4,0.0,1
9817107,CAP QUEBEC,Oil tanker,0.0,4,0.0,1
9819868,HARMONIC,Oil tanker,19772.13,5,0.02,1
9834868,SEA COUGAR,Oil tanker,1193.37,3,0.03,1
9863417,FREEDOM GLORY,Oil tanker,6225.66,2,0.0,1
9876438,BASRA,Oil tanker,,5,0.14,1
9877171,SPYROS,Oil tanker,13230.88,5,0.0,1
9880350,SEARHYTHM,Oil tanker,14572.11,6,0.1,1
9882346,ESTEEM ENERGY,Oil tanker,2902.46,6,0.0,1
9882413,SOLAR MADELEIN,Oil tanker,5790.74,5,0.0,1
9882425,SOLAR CLAIRE,Oil tanker,5037.63,13,4.36,1
9889954,LORD BYRON 21,Oil tanker,15256.11,5,0.06,1
9890939,NORD MIRAI,Oil tanker,3667.29,5,0.0,1
9891696,AIFANOURIOS,Oil tanker,7407.11,6,0.03,1
9891919,SEAGUARDIAN,Oil tanker,5882.24,4,0.0,1
9902859,LONE STAR MARINER,Oil tanker,2473.18,6,0.0,1
9906087,ENERGY ARIADNE,Oil tanker,2725.51,3,0.0,1
9908982,RICH HARVEST,Oil tanker,11428.84,12,5.65,1
9911537,BAYOU SUN,Oil tanker,2492.98,6,0.0,1
9916604,CLEAROCEAN GINKGO,Oil tanker,3834.49,4,0.13,1
9917957,WHITE PEARL,Oil tanker,10990.09,3,0.7,1
9922823,AQUAFREEDOM,Oil tanker,10561.51,9,1.48,1
9923425,PROTEUS PHILIPPA,Oil tanker,10859.03,4,0.0,1
9923932,WECO PISCES,Oil tanker,8027.13,5,0.0,1
9933561,ADVANTAGE VITAL,Oil tanker,17297.75,15,11.4,1
9938030,STRYMON,Oil tanker,9168.49,4,0.0,1
9273806,ASIAN SPIRIT,Other ship types,2662.66,2,0.0,1
9433327,BBC AUSTRIA,Other ship types,,4,0.0,1
9505510,AMOENITAS,Other ship types,9184.95,4,0.0,1
9508316,NORDIKA DESGAGNES,Other ship types,6800.44,14,14.24,1
9563706,BBC AMBER,Other ship types,,5,0.0,1
9681821,OCEAN GRAND,Other ship types,10601.12,5,0.0,1
9897133,UHL FLAIR,Other ship types,10081.6,5,0.0,1
9128532,NORWEGIAN SKY,Passenger ship,8353.66,6,9.77,1
9161716,VOYAGER OF THE SEAS,Passenger ship,53338.99,14,15.39,1
9187899,SIRENA,Passenger ship,19570.33,11,18.72,1
9198367,CARNIVAL GLORY,Passenger ship,11261.63,15,11.67,1
9224726,CARNIVAL LEGEND,Passenger ship,34848.27,14,18.09,1
9410569,NORWEGIAN EPIC,Passenger ship,100535.9,12,17.83,1
9417098,SEABOURN SOJOURN,Passenger ship,14164.94,5,0.0,1
9656101,ANTHEM OF THE SEAS,Passenger ship,67986.57,14,12.69,1
9725421,VIKING SEA,Passenger ship,23607.03,13,15.15,1
9751511,NORWEGIAN ENCORE,Passenger ship,12511.84,13,20.98,1
9764958,SEABOURN OVATION,Passenger ship,26631.21,5,0.0,1
9795737,ODYSSEY OF THE SEAS,Passenger ship,76009.91,13,9.67,1
9838400,CELEBRITY ASCENT,Passenger ship,44491.71,2,21.45,1
9804801,SCARLET LADY,Passenger ship (Cruise Passenger ship),50912.93,1,18.8,1
9018646,OURO DO BRASIL,Refrigerated cargo carrier,3193.61,12,16.74,1
9045792,GREEN BRAZIL,Refrigerated cargo carrier,7736.55,4,0.0,1
9057123,ORANGE WAVE,Refrigerated cargo carrier,13030.18,4,0.0,1
9181132,WILD COSMOS,Refrigerated cargo carrier,5463.34,13,16.19,1
9491836,CITRUS VITA BRASIL,Refrigerated cargo carrier,12842.51,7,13.9,1
9675406,ORANGE BLOSSOM 2,Refrigerated cargo carrier,3343.52,1,0.1,1
8703232,TOM SAWYER,Ro-pax ship,32069.91,12,0.0,1
9335161,CARIBBEAN FORCE,Ro-ro ship,3474.3,6,0.17,1
9471082,EUROCARGO BARI,Ro-ro ship,1103.65,10,23.13,1
9539092,ADELINE,Ro-ro ship,11278.15,5,0.0,1
9171280,HOEGH TRADER,Vehicle carrier,1390.1,13,8.99,1
9279812,NEPTUNE KOPER,Vehicle carrier,14536.76,11,15.64,1
9284764,GRAND PHOENIX,Vehicle carrier,,11,10.78,1
9285500,ALLIANCE ST. LOUIS,Vehicle carrier,5098.29,4,0.0,1
9303170,GRAND DUKE,Vehicle carrier,,12,16.13,1
9357303,GRACEFUL LEADER,Vehicle carrier,21329.57,8,12.91,1
9377494,ANIARA,Vehicle carrier,4587.24,4,0.9,1
9383417,MORNING LISA,Vehicle carrier,4826.42,11,18.54,1
9395630,VIOLET ACE,Vehicle carrier,8312.56,12,17.06,1
9445992,MORNING LAURA,Vehicle carrier,7918.03,14,15.04,1
9446001,MORNING LENA,Vehicle carrier,13646.07,3,15.73,1
9448138,SILVER MOON,Vehicle carrier,16438.46,13,15.15,1
9515412,SALOME,Vehicle carrier,3504.23,5,0.0,1
9638460,MORNING CALYPSO,Vehicle carrier,11087.7,3,0.03,1
9700524,TRAVIATA,Vehicle carrier,7486.31,12,11.08,1
9702429,GLOVIS SYMPHONY,Vehicle carrier,,14,16.61,1
9713882,LAKE GENEVA,Vehicle carrier,1717.48,4,0.08,1
9726700,HORIZON HIGHWAY,Vehicle carrier,4720.33,9,7.11,1
9731640,TANNHAUSER,Vehicle carrier,19676.21,4,0.3,1
9748289,BROOKLANDS,Vehicle carrier,12171.02,11,0.85,1
9749570,GLOVIS STELLA,Vehicle carrier,,3,0.0,1
9757993,OLYMPIAN HIGHWAY,Vehicle carrier,10987.21,13,16.58,1
9762534,SIEM CICERO,Vehicle carrier,14104.11,15,9.73,1
9777890,LIBERTY PEACE,Vehicle carrier,1905.65,5,0.0,1
9796377,GRANDE CALIFORNIA,Vehicle carrier,21547.93,5,0.0,1
9941788,EMDEN,Vehicle carrier,12579.57,1,0.3,1
